Id,Base,Body,Head,Mouth,Eyes,,,,,,,,,,,,,,,,,,,,
1,Baseformheadonly,Windbreaker,NYC Cap,Gecko,Laser,,,,,,,,,,,,,,,,,,,,
2,Baseformheadonly,Soldier,Krownless,Sad,Awe,,,,,,,,,,,,,,,,,,,,
3,Baseformheadonly,Labcoat Bright,Bald,Angry,Heart,,,,,,,,,,,,,,,,,,,,
4,Baseformheadonly,Windbreaker,ETH Bandana,Oogaverse Chompers,Confused,,,,,,,,,,,,,,,,,,,,
5,Baseformheadonly,Tuxedo,Ordinal Cap,Gecko,Silly Glasses,,,,,,,,,,,,,,,,,,,,
6,Baseformheadonly,McOrdinals Polo,Fire Hair,Oogaverse Chompers,Monocycle,,,,,,,,,,,,,,,,,,,,
7,Baseformheadonly,Kongz Fur,Top Hat,Braces,NodeRocks Glasses,,,,,,,,,,,,,,,,,,,,
8,Baseformheadonly,Lumberjack,ETH Cap,Neutral,Scientist Glasses,,,,,,,,,,,,,,,,,,,,
9,Baseformheadonly,Labcoat,ETH Bandana,Neutral,Scientist Glasses,,,,,,,,,,,,,,,,,,,,
10,Baseformheadonly,Ronin Jacket,White Hair,Smiling,Sunglasses,,,,,,,,,,,,,,,,,,,,
11,Baseformheadonly,Soldier,White Hair,Cigar,Heart,,,,,,,,,,,,,,,,,,,,
12,Baseformheadonly,Fuel Coat,Bald,Smiling,Surprised,,,,,,,,,,,,,,,,,,,,
13,Baseformheadonly,Street Rat Vest,Black Hair,Smiling,Cyber,,,,,,,,,,,,,,,,,,,,
14,Baseformheadonly,Aptos Tee,Ordinal Cap,Sighing,Heart,,,,,,,,,,,,,,,,,,,,
15,Baseformheadonly,Mech Fabric,ETH Cap,Trolling,VR Headset,,,,,,,,,,,,,,,,,,,,
16,Baseformheadonly,Denim Jacket,Fire Fighter,Joint,Surprised,,,,,,,,,,,,,,,,,,,,
17,Baseformheadonly,Soldier,ETH Cap,Smiling,Awe,,,,,,,,,,,,,,,,,,,,
18,Baseformheadonly,Fuel Coat,White Hair,Tongue Out,Reading Glasses,,,,,,,,,,,,,,,,,,,,
19,Baseformheadonly,Kongz Fur,White Hair,Gecko,Heart Glasses,,,,,,,,,,,,,,,,,,,,
20,Baseformheadonly,ExO Suit,Bald,Terminator,Sunglasses,,,,,,,,,,,,,,,,,,,,
21,Baseformheadonly,Labcoat Bright,Scientist Hair,Joint,Third Eye,,,,,,,,,,,,,,,,,,,,
22,Baseformnotop,Labcoat,Krownless,Gecko,Surprised,,,,,,,,,,,,,,,,,,,,
23,Baseformheadonly,Polo,Ordinal Cap,Golden Teeth,Scientist Glasses,,,,,,,,,,,,,,,,,,,,
24,Baseformheadonly,Lumberjack,Toque,Angry,Heart Glasses,,,,,,,,,,,,,,,,,,,,
25,Baseformheadonly,Fuel Coat,White Hair,Cat Muzzle,Night Vision Goggles,,,,,,,,,,,,,,,,,,,,
26,Baseformheadonly,Labcoat,Helmet,Vampire,Frustrated,,,,,,,,,,,,,,,,,,,,
27,Baseformheadonly,Disco Suit,Ronin Cap,Cigar,Nerd Glasses,,,,,,,,,,,,,,,,,,,,
28,Baseformheadonly,Solana Tank Top,Bald,Trolling,Sad,,,,,,,,,,,,,,,,,,,,
29,Baseformheadonly,Cosmos Tee,Ronin Cap,Smiling,Sad,,,,,,,,,,,,,,,,,,,,
30,Baseformheadonly,Labcoat,Hoodie,Vomiting,Frustrated,,,,,,,,,,,,,,,,,,,,
31,Baseformheadonly,Tuxedo,Black Hair,Sighing,Monocycle,,,,,,,,,,,,,,,,,,,,
32,Baseformheadonly,Ronin Jacket,Rambo Bandana,Ultrasonic,Cyber,,,,,,,,,,,,,,,,,,,,
33,Baseformheadonly,Labcoat,Hoodie,Angry,Monocycle,,,,,,,,,,,,,,,,,,,,
34,Baseformheadonly,Royal,Helmet,Sighing,Cyber,,,,,,,,,,,,,,,,,,,,
35,Baseformheadonly,Parka,Black Hair,Lipless,Goggles,,,,,,,,,,,,,,,,,,,,
36,Baseformheadonly,Firefighter,Bears Deluxe Ears,Monster Grin,Reading Glasses,,,,,,,,,,,,,,,,,,,,
37,Baseformheadonly,Windbreaker,Beret,Grinning,VR Headset,,,,,,,,,,,,,,,,,,,,
38,Baseformheadonly,Windbreaker,Toque,Hannibal Mask,Awe,,,,,,,,,,,,,,,,,,,,
39,Baseformheadonly,Quantum Cat Coat,Avalanche Hoodie,Vampire,Angry,,,,,,,,,,,,,,,,,,,,
40,Baseformheadonly,Polkadot,ETH Bandana,Sad,Wink,,,,,,,,,,,,,,,,,,,,
41,Baseformheadonly,Polo,Scientist Hair,Angry,Annoyed,,,,,,,,,,,,,,,,,,,,
42,Baseformheadonly,Parka,Sayajin,Sad,Reading Glasses,,,,,,,,,,,,,,,,,,,,
43,Baseformnotop,McOrdinals Polo,Krownless,Cat Muzzle,Nerd Glasses,,,,,,,,,,,,,,,,,,,,
44,Baseformheadonly,Kongz Fur,Bears Deluxe Ears,Oogaverse Chompers,Sad,,,,,,,,,,,,,,,,,,,,
45,Baseformheadonly,Solana Tank Top,Red Bandana,Cigar,Sad,,,,,,,,,,,,,,,,,,,,
46,Baseformheadonly,Soldier,Bears Deluxe Ears,Angry,Sunglasses,,,,,,,,,,,,,,,,,,,,
47,Baseformheadonly,Polkadot,Bears Deluxe Ears,Angry,Frustrated,,,,,,,,,,,,,,,,,,,,
48,Baseformheadonly,Parka,Pepe Cap,Smiling,VR Headset,,,,,,,,,,,,,,,,,,,,
49,Baseformheadonly,Quantum Cat Coat,BTC Cap,Oogaverse Chompers,Night Vision Goggles,,,,,,,,,,,,,,,,,,,,
50,Baseformheadonly,Polo,Bears Deluxe Ears,Zipped,Night Vision Goggles,,,,,,,,,,,,,,,,,,,,
51,Baseformheadonly,Labcoat,Toque,Vomiting,Monocycle,,,,,,,,,,,,,,,,,,,,
52,Baseformheadonly,Fuel Coat,BTC Bandana,Tongue Out,Surprised,,,,,,,,,,,,,,,,,,,,
53,Baseformheadonly,Ronin Jacket,Scientist Hair,Sad,Star,,,,,,,,,,,,,,,,,,,,
54,Baseformheadonly,Ronin Jacket,Ronin Cap,Surprised,80s Glasses,,,,,,,,,,,,,,,,,,,,
55,Baseformheadonly,Windbreaker,Fire Hair,Tongue Out,Cyber,,,,,,,,,,,,,,,,,,,,
56,Baseformheadonly,Windbreaker,Fire Hair,Sad,Annoyed,,,,,,,,,,,,,,,,,,,,
57,Baseformheadonly,Windbreaker,Fire Hair,Hannibal Mask,Wink,,,,,,,,,,,,,,,,,,,,
58,Baseformheadonly,Labcoat,Fire Hair,Sighing,Happy,,,,,,,,,,,,,,,,,,,,
59,Baseformheadonly,Tuxedo,Ordinal Cap,Golden Teeth,Wink,,,,,,,,,,,,,,,,,,,,
60,Baseformheadonly,Labcoat,NYC Cap,Trolling,Ripped,,,,,,,,,,,,,,,,,,,,
61,Baseformheadonly,Labcoat,Ordinal Cap,Grinning,Neutral,,,,,,,,,,,,,,,,,,,,
62,Baseformheadonly,Denim Jacket,Scientist Hair,Joint,Night Vision Goggles,,,,,,,,,,,,,,,,,,,,
63,Baseformheadonly,Polo,Red Bandana,Braces,Reading Glasses,,,,,,,,,,,,,,,,,,,,
64,Baseformheadonly,Cosmos Tee,Top Hat,Trolling,80s Glasses,,,,,,,,,,,,,,,,,,,,
65,Baseformheadonly,Leather Jacket,Toque,Braces,Frustrated,,,,,,,,,,,,,,,,,,,,
66,Baseformheadonly,Kongz Fur,ETH Bandana,Surprised,NodeRocks Glasses,,,,,,,,,,,,,,,,,,,,
67,Baseformheadonly,Cosmos Tee,Scientist Hair,Golden Teeth,Cyber,,,,,,,,,,,,,,,,,,,,
68,Baseformheadonly,Tuxedo,Ronin Cap,Joint,Star,,,,,,,,,,,,,,,,,,,,
69,Baseformheadonly,Mech Fabric,BTC Bandana,Sad,Awe,,,,,,,,,,,,,,,,,,,,
70,Baseformheadonly,Labcoat,NYC Cap,Braces,NodeRocks Glasses,,,,,,,,,,,,,,,,,,,,
71,Baseformheadonly,TON Tee,Beret,Golden Teeth,Confused,,,,,,,,,,,,,,,,,,,,
72,Baseformnotop,Quantum Cat Coat,USB,Gecko,VR Headset,,,,,,,,,,,,,,,,,,,,
73,Baseformheadonly,Mech Fabric,Ronin Cap,Grandpa,Silly Glasses,,,,,,,,,,,,,,,,,,,,
74,Baseformnotop,Lumberjack,Rocket,Joker,Awe,,,,,,,,,,,,,,,,,,,,
75,Baseformheadonly,Fuel Coat,Fire Hair,Trolling,Cyber,,,,,,,,,,,,,,,,,,,,
76,Baseformheadonly,Labcoat,Soldier Helmet,Monster Grin,Nerd Glasses,,,,,,,,,,,,,,,,,,,,
77,Baseformheadonly,Labcoat,ETH Cap,Sad,80s Glasses,,,,,,,,,,,,,,,,,,,,
78,Baseformheadonly,Labcoat,Scientist Hair,Sighing,Shocked,,,,,,,,,,,,,,,,,,,,
79,Baseformheadonly,Labcoat,Ronin Cap,Oogaverse Chompers,Heart Glasses,,,,,,,,,,,,,,,,,,,,
80,Baseformnotop,Disco Suit,Braindead,Bitcoin Puppets Mask,Heart,,,,,,,,,,,,,,,,,,,,
81,Clonesbaseformheadonly,Kongz Fur,Bald,Sad,Possessed,,,,,,,,,,,,,,,,,,,,
82,Baseformheadonly,Labcoat Bright,BTC Cap,Bitcoin Puppets Mask,Sad,,,,,,,,,,,,,,,,,,,,
83,Baseformheadonly,Quantum Cat Coat,Pepe Cap,Cigar,Silly Glasses,,,,,,,,,,,,,,,,,,,,
84,Baseformheadonly,Polkadot,Black Hair,Neutral,Third Eye,,,,,,,,,,,,,,,,,,,,
85,Baseformheadonly,Windbreaker,Pepe Cap,Hannibal Mask,Insane,,,,,,,,,,,,,,,,,,,,
86,Baseformnotop,Quantum Cat Coat,Braindead,Maniac,Goggles,,,,,,,,,,,,,,,,,,,,
87,Baseformheadonly,Cosmos Tee,Bald,Joker,Insane,,,,,,,,,,,,,,,,,,,,
88,Baseformheadonly,Mech Fabric,Ronin Cap,Shocked,Sunglasses,,,,,,,,,,,,,,,,,,,,
89,Baseformheadonly,Disco Suit,ETH Cap,Golden Teeth,Confused,,,,,,,,,,,,,,,,,,,,
90,Baseformheadonly,Labcoat,BTC Bandana,Cat Muzzle,Runestone Patch,,,,,,,,,,,,,,,,,,,,
91,Baseformheadonly,Windbreaker,Red Bandana,Tongue Out,Awe,,,,,,,,,,,,,,,,,,,,
92,Baseformheadonly,Labcoat Bright,Bears Deluxe Ears,Gecko,Thunder,,,,,,,,,,,,,,,,,,,,
93,Baseformheadonly,Denim Jacket,Fire Fighter,Bitcoin Puppets Mask,Star,,,,,,,,,,,,,,,,,,,,
94,Baseformheadonly,Ronin Jacket,Ronin Cap,Surprised,Heart Glasses,,,,,,,,,,,,,,,,,,,,
95,Baseformheadonly,McOrdinals Polo,Ordinal Bandana,Zipped,Neutral,,,,,,,,,,,,,,,,,,,,
96,Baseformheadonly,ExO Suit,Rambo Bandana,Lipless,3D Glasses,,,,,,,,,,,,,,,,,,,,
97,Baseformnotop,Fuel Coat,USB,Maniac,Frustrated,,,,,,,,,,,,,,,,,,,,
98,Baseformheadonly,Labcoat,Scientist Hair,Grinning,Night Vision Goggles,,,,,,,,,,,,,,,,,,,,
99,Baseformnotop,Soldier,Rocket,Surprised,Ripped,,,,,,,,,,,,,,,,,,,,
100,Baseformheadonly,Windbreaker,Red Bandana,Vampire,Runestone Patch,,,,,,,,,,,,,,,,,,,,
101,Baseformheadonly,Polkadot,Icy Hair,Zipped,Heart Glasses,,,,,,,,,,,,,,,,,,,,
102,Baseformheadonly,Windbreaker,White Hair,Trolling,Heart Glasses,,,,,,,,,,,,,,,,,,,,
103,Baseformheadonly,Cosmos Tee,Ronin Cap,Smiling,Sad,,,,,,,,,,,,,,,,,,,,
104,Baseformheadonly,Parka,BTC Cap,Lipless,Insane,,,,,,,,,,,,,,,,,,,,
105,Baseformheadonly,Tuxedo,Black Hair,Smiling,Star,,,,,,,,,,,,,,,,,,,,
106,Baseformheadonly,TON Tee,Ronin Cap,Angry,Scientist Glasses,,,,,,,,,,,,,,,,,,,,
107,Clonesbaseformnotop,McOrdinals Polo,Braindead,Cigar,Angry,,,,,,,,,,,,,,,,,,,,
108,Baseformheadonly,Disco Suit,Ronin Cap,Cat Muzzle,Angry,,,,,,,,,,,,,,,,,,,,
109,Baseformheadonly,Tuxedo,Icy Hair,Grinning,Monocycle,,,,,,,,,,,,,,,,,,,,
110,Baseformheadonly,TON Tee,NYC Cap,Monster Grin,Reading Glasses,,,,,,,,,,,,,,,,,,,,
111,Baseformheadonly,Casper Blazer,Red Bandana,Grinning,Nerd Glasses,,,,,,,,,,,,,,,,,,,,
112,Baseformheadonly,Aptos Tee,Ronin Cap,Grandpa,Monocycle,,,,,,,,,,,,,,,,,,,,
113,Baseformheadonly,Labcoat,Scientist Hair,Monster Grin,80s Glasses,,,,,,,,,,,,,,,,,,,,
114,Baseformheadonly,Labcoat,Ronin Cap,Trolling,Nerd Glasses,,,,,,,,,,,,,,,,,,,,
115,Baseformheadonly,Cosmos Tee,Beret,Maniac,NodeRocks Glasses,,,,,,,,,,,,,,,,,,,,
116,Baseformheadonly,Labcoat,Ronin Cap,Lipless,Third Eye,,,,,,,,,,,,,,,,,,,,
117,Baseformheadonly,Royal,Toque,Joint,Star,,,,,,,,,,,,,,,,,,,,
118,Baseformheadonly,Polo,Rambo Bandana,Cigar,Neutral,,,,,,,,,,,,,,,,,,,,
119,Baseformheadonly,Labcoat Bright,Helmet,Sighing,Thunder,,,,,,,,,,,,,,,,,,,,
120,Baseformheadonly,Quantum Cat Coat,Scientist Hair,Cat Muzzle,Laser,,,,,,,,,,,,,,,,,,,,
121,Baseformheadonly,Cosmos Tee,BTC Cap,Grinning,Star,,,,,,,,,,,,,,,,,,,,
122,Baseformheadonly,Windbreaker,Fire Fighter,Vomiting,Frustrated,,,,,,,,,,,,,,,,,,,,
123,Baseformheadonly,Cosmos Tee,Bald,Sad,Annoyed,,,,,,,,,,,,,,,,,,,,
124,Baseformheadonly,Mech Fabric,Avalanche Hoodie,Zipped,Reading Glasses,,,,,,,,,,,,,,,,,,,,
125,Baseformheadonly,Polo,Ordinal Cap,Neutral,Laser,,,,,,,,,,,,,,,,,,,,
126,Baseformheadonly,Royal,Bald,Bitcoin Puppets Mask,VR Headset,,,,,,,,,,,,,,,,,,,,
127,Baseformheadonly,Kongz Fur,Soldier Helmet,Cigar,80s Glasses,,,,,,,,,,,,,,,,,,,,
128,Baseformheadonly,Solana Tank Top,Helmet,Lipless,Awe,,,,,,,,,,,,,,,,,,,,
129,Baseformnotop,Kongz Fur,Braindead,Cigar,Happy,,,,,,,,,,,,,,,,,,,,
130,Baseformheadonly,Casper Blazer,Pepe Cap,Terminator,Duo Color,,,,,,,,,,,,,,,,,,,,
131,Baseformheadonly,Polo,Beret,Surprised,Neutral,,,,,,,,,,,,,,,,,,,,
132,Baseformheadonly,Firefighter,ETH Bandana,Shocked,Goggles,,,,,,,,,,,,,,,,,,,,
133,Baseformheadonly,Parka,ETH Bandana,Sad,Nerd Glasses,,,,,,,,,,,,,,,,,,,,
134,Baseformheadonly,ExO Suit,Soldier Helmet,Joint,Thunder,,,,,,,,,,,,,,,,,,,,
135,Baseformheadonly,Casper Blazer,NYC Cap,Neutral,Laser,,,,,,,,,,,,,,,,,,,,
136,Baseformheadonly,Parka,Top Hat,Angry,Heart,,,,,,,,,,,,,,,,,,,,
137,Baseformheadonly,Mech Fabric,ETH Cap,Maniac,80s Glasses,,,,,,,,,,,,,,,,,,,,
138,Baseformheadonly,Labcoat,Bald,Joker,Awe,,,,,,,,,,,,,,,,,,,,
139,Baseformheadonly,Labcoat,NYC Cap,Maniac,Nerd Glasses,,,,,,,,,,,,,,,,,,,,
140,Baseformnotop,Casper Blazer,Braindead,Zipped,Third Eye,,,,,,,,,,,,,,,,,,,,
141,Baseformheadonly,Disco Suit,White Hair,Oogaverse Chompers,3D Glasses,,,,,,,,,,,,,,,,,,,,
142,Baseformheadonly,Leather Jacket,Fire Hair,Maniac,Cyber,,,,,,,,,,,,,,,,,,,,
143,Baseformheadonly,Lumberjack,Beret,Trolling,Monocycle,,,,,,,,,,,,,,,,,,,,
144,Baseformheadonly,Fuel Coat,Crown,Joint,Ripped,,,,,,,,,,,,,,,,,,,,
145,Baseformheadonly,Cosmos Tee,Scientist Hair,Cigar,Scientist Glasses,,,,,,,,,,,,,,,,,,,,
146,Baseformheadonly,Lumberjack,Toque,Vampire,Heart Glasses,,,,,,,,,,,,,,,,,,,,
147,Baseformnotop,Windbreaker,Rocket,Grandpa,NodeRocks Glasses,,,,,,,,,,,,,,,,,,,,
148,Baseformheadonly,Solana Tank Top,ETH Cap,Cigar,NodeRocks Glasses,,,,,,,,,,,,,,,,,,,,
149,Baseformheadonly,Mech Fabric,BTC Cap,Gecko,Annoyed,,,,,,,,,,,,,,,,,,,,
150,Baseformheadonly,Aptos Tee,Toque,Gecko,Sunglasses,,,,,,,,,,,,,,,,,,,,
151,Baseformheadonly,Lumberjack,Rambo Bandana,Grinning,Goggles,,,,,,,,,,,,,,,,,,,,
152,Baseformheadonly,Firefighter,Soldier Helmet,Terminator,Happy,,,,,,,,,,,,,,,,,,,,
153,Baseformheadonly,Labcoat,BTC Bandana,Trolling,Night Vision Goggles,,,,,,,,,,,,,,,,,,,,
154,Baseformheadonly,Aptos Tee,Avalanche Hoodie,Grinning,Duo Color,,,,,,,,,,,,,,,,,,,,
155,Baseformnotop,TON Tee,USB,Zipped,Laser,,,,,,,,,,,,,,,,,,,,
156,Baseformheadonly,Soldier,Red Bandana,Gecko,Wink,,,,,,,,,,,,,,,,,,,,
157,Baseformheadonly,Labcoat,Hoodie,Monster Grin,Third Eye,,,,,,,,,,,,,,,,,,,,
158,Baseformheadonly,Parka,Scientist Hair,Angry,Sunglasses,,,,,,,,,,,,,,,,,,,,
159,Baseformheadonly,TON Tee,Rambo Bandana,Maniac,Laser,,,,,,,,,,,,,,,,,,,,
160,Baseformheadonly,Casper Blazer,BTC Cap,Oogaverse Chompers,Angry,,,,,,,,,,,,,,,,,,,,
161,Baseformheadonly,Quantum Cat Coat,Ronin Cap,Ultrasonic,Scientist Glasses,,,,,,,,,,,,,,,,,,,,
162,Baseformheadonly,Tuxedo,Ordinal Cap,Joint,Angry,,,,,,,,,,,,,,,,,,,,
163,Baseformheadonly,Labcoat,Toque,Hannibal Mask,Third Eye,,,,,,,,,,,,,,,,,,,,
164,Baseformheadonly,Labcoat,ETH Cap,Gecko,Surprised,,,,,,,,,,,,,,,,,,,,
165,Baseformheadonly,Labcoat,Hoodie,Sad,Reading Glasses,,,,,,,,,,,,,,,,,,,,
166,Baseformheadonly,Polkadot,Bears Deluxe Ears,Braces,Wink,,,,,,,,,,,,,,,,,,,,
167,Baseformheadonly,Polkadot,NYC Cap,Smiling,Laser,,,,,,,,,,,,,,,,,,,,
168,Baseformheadonly,Solana Tank Top,Bald,Monster Grin,Annoyed,,,,,,,,,,,,,,,,,,,,
169,Baseformheadonly,Labcoat,Hoodie,Joker,Night Vision Goggles,,,,,,,,,,,,,,,,,,,,
170,Baseformheadonly,Labcoat Bright,Scientist Hair,Sad,Awe,,,,,,,,,,,,,,,,,,,,
171,Baseformheadonly,Cosmos Tee,ETH Bandana,Neutral,Insane,,,,,,,,,,,,,,,,,,,,
172,Baseformheadonly,Polo,Beret,Angry,Runestone Patch,,,,,,,,,,,,,,,,,,,,
173,Baseformheadonly,TON Tee,Fire Hair,Braces,80s Glasses,,,,,,,,,,,,,,,,,,,,
174,Baseformheadonly,Lumberjack,Bald,Angry,Sunglasses,,,,,,,,,,,,,,,,,,,,
175,Baseformheadonly,Labcoat,Ordinal Bandana,Cat Muzzle,Duo Color,,,,,,,,,,,,,,,,,,,,
176,Baseformheadonly,Bitcoin Labcoat,Bald,Smiling,Heart Glasses,,,,,,,,,,,,,,,,,,,,
177,Baseformheadonly,Labcoat,Red Bandana,Trolling,Angry,,,,,,,,,,,,,,,,,,,,
178,Baseformheadonly,Firefighter,Fire Hair,Lipless,3D Glasses,,,,,,,,,,,,,,,,,,,,
179,Baseformheadonly,Casper Blazer,Beret,Joint,Neutral,,,,,,,,,,,,,,,,,,,,
180,Baseformheadonly,Solana Tank Top,NYC Cap,Maniac,Surprised,,,,,,,,,,,,,,,,,,,,
181,Baseformheadonly,Labcoat,Scientist Hair,Smiling,Neutral,,,,,,,,,,,,,,,,,,,,
182,Baseformheadonly,Solana Tank Top,Sayajin,Braces,Star,,,,,,,,,,,,,,,,,,,,
183,Baseformheadonly,Firefighter,Black Hair,Grandpa,Heart,,,,,,,,,,,,,,,,,,,,
184,Baseformheadonly,ExO Suit,ETH Cap,Angry,Angry,,,,,,,,,,,,,,,,,,,,
185,Baseformheadonly,TON Tee,Toque,Neutral,Surprised,,,,,,,,,,,,,,,,,,,,
186,Baseformheadonly,Labcoat,White Hair,Tongue Out,Insane,,,,,,,,,,,,,,,,,,,,
187,Baseformnotop,Soldier,USB,Bitcoin Puppets Mask,Heart,,,,,,,,,,,,,,,,,,,,
188,Baseformheadonly,Labcoat,ETH Bandana,Smiling,NodeRocks Glasses,,,,,,,,,,,,,,,,,,,,
189,Baseformheadonly,Parka,Bald,Bitcoin Puppets Mask,Insane,,,,,,,,,,,,,,,,,,,,
190,Baseformheadonly,Lumberjack,NYC Cap,Hannibal Mask,Confused,,,,,,,,,,,,,,,,,,,,
191,Baseformheadonly,Street Rat Vest,BTC Cap,Bitcoin Puppets Mask,NodeRocks Glasses,,,,,,,,,,,,,,,,,,,,
192,Baseformheadonly,Tuxedo,Ordinal Bandana,Hannibal Mask,Sad,,,,,,,,,,,,,,,,,,,,
193,Baseformheadonly,Labcoat,BTC Cap,Joint,Heart,,,,,,,,,,,,,,,,,,,,
194,Baseformheadonly,Kongz Fur,Red Bandana,Oogaverse Chompers,Thunder,,,,,,,,,,,,,,,,,,,,
195,Baseformheadonly,Labcoat,Crown,Surprised,Heart,,,,,,,,,,,,,,,,,,,,
196,Baseformnotop,Labcoat,Krownless,Smiling,Neutral,,,,,,,,,,,,,,,,,,,,
197,Baseformheadonly,Casper Blazer,Fire Hair,Cigar,Angry,,,,,,,,,,,,,,,,,,,,
198,Baseformheadonly,Tuxedo,Bears Deluxe Ears,Vampire,Reading Glasses,,,,,,,,,,,,,,,,,,,,
199,Baseformheadonly,Street Rat Vest,Ronin Cap,Joker,Star,,,,,,,,,,,,,,,,,,,,
200,Baseformheadonly,Denim Jacket,Scientist Hair,Sad,3D Glasses,,,,,,,,,,,,,,,,,,,,
201,Baseformheadonly,TON Tee,Black Hair,Cigar,Heart,,,,,,,,,,,,,,,,,,,,
202,Baseformheadonly,Fuel Coat,Top Hat,Sighing,Sunglasses,,,,,,,,,,,,,,,,,,,,
203,Baseformheadonly,Cosmos Tee,Pepe Cap,Lipless,80s Glasses,,,,,,,,,,,,,,,,,,,,
204,Baseformnotop,Firefighter,USB,Grinning,Star,,,,,,,,,,,,,,,,,,,,
205,Baseformheadonly,Labcoat,Scientist Hair,Trolling,Thunder,,,,,,,,,,,,,,,,,,,,
206,Baseformheadonly,Ronin Jacket,Top Hat,Oogaverse Chompers,VR Headset,,,,,,,,,,,,,,,,,,,,
207,Baseformheadonly,Soldier,Avalanche Hoodie,Gecko,Star,,,,,,,,,,,,,,,,,,,,
208,Baseformheadonly,Disco Suit,BTC Bandana,Cigar,Neutral,,,,,,,,,,,,,,,,,,,,
209,Baseformheadonly,Soldier,Fire Hair,Monster Grin,Wink,,,,,,,,,,,,,,,,,,,,
210,Baseformheadonly,Windbreaker,Ordinal Cap,Neutral,Night Vision Goggles,,,,,,,,,,,,,,,,,,,,
211,Baseformheadonly,Polo,Bald,Shocked,Laser,,,,,,,,,,,,,,,,,,,,
212,Baseformheadonly,Aptos Tee,BTC Cap,Sighing,Star,,,,,,,,,,,,,,,,,,,,
213,Baseformheadonly,Aptos Tee,Bald,Sighing,Night Vision Goggles,,,,,,,,,,,,,,,,,,,,
214,Baseformheadonly,Labcoat,Fire Hair,Sighing,Heart Glasses,,,,,,,,,,,,,,,,,,,,
215,Baseformheadonly,Solana Tank Top,Soldier Helmet,Golden Teeth,Scientist Glasses,,,,,,,,,,,,,,,,,,,,
216,Baseformheadonly,Cosmos Tee,BTC Bandana,Vampire,Night Vision Goggles,,,,,,,,,,,,,,,,,,,,
217,Baseformheadonly,ExO Suit,Helmet,Cat Muzzle,Star,,,,,,,,,,,,,,,,,,,,
218,Baseformheadonly,Fuel Coat,Ronin Cap,Joint,Sad,,,,,,,,,,,,,,,,,,,,
219,Baseformheadonly,Fuel Coat,Fire Hair,Gecko,Star,,,,,,,,,,,,,,,,,,,,
220,Baseformheadonly,Aptos Tee,ETH Cap,Gecko,80s Glasses,,,,,,,,,,,,,,,,,,,,
221,Baseformheadonly,Polo,BTC Cap,Sad,80s Glasses,,,,,,,,,,,,,,,,,,,,
222,Baseformheadonly,Labcoat,NYC Cap,Golden Teeth,Confused,,,,,,,,,,,,,,,,,,,,
223,Baseformheadonly,Cosmos Tee,Red Bandana,Golden Teeth,Awe,,,,,,,,,,,,,,,,,,,,
224,Baseformheadonly,Labcoat,Avalanche Hoodie,Surprised,Sad,,,,,,,,,,,,,,,,,,,,
225,Baseformheadonly,Solana Tank Top,Scientist Hair,Ultrasonic,Wink,,,,,,,,,,,,,,,,,,,,
226,Baseformheadonly,Ronin Jacket,Bald,Grandpa,Awe,,,,,,,,,,,,,,,,,,,,
227,Baseformheadonly,Kongz Fur,ETH Bandana,Lipless,Possessed,,,,,,,,,,,,,,,,,,,,
228,Baseformheadonly,Tuxedo,NYC Cap,Gecko,Nerd Glasses,,,,,,,,,,,,,,,,,,,,
229,Baseformheadonly,Leather Jacket,NYC Cap,Ultrasonic,Duo Color,,,,,,,,,,,,,,,,,,,,
230,Baseformheadonly,Solana Tank Top,Pepe Cap,Bitcoin Puppets Mask,Reading Glasses,,,,,,,,,,,,,,,,,,,,
231,Baseformheadonly,Mech Fabric,NYC Cap,Cigar,Annoyed,,,,,,,,,,,,,,,,,,,,
232,Baseformheadonly,TON Tee,ETH Bandana,Hannibal Mask,Sunglasses,,,,,,,,,,,,,,,,,,,,
233,Baseformheadonly,Fuel Coat,Soldier Helmet,Sighing,Cyber,,,,,,,,,,,,,,,,,,,,
234,Baseformheadonly,ExO Suit,Fire Hair,Smiling,Third Eye,,,,,,,,,,,,,,,,,,,,
235,Baseformnotop,Ronin Jacket,Rocket,Grinning,Duo Color,,,,,,,,,,,,,,,,,,,,
236,Baseformheadonly,Aptos Tee,Rambo Bandana,Braces,Heart Glasses,,,,,,,,,,,,,,,,,,,,
237,Baseformheadonly,Leather Jacket,ETH Cap,Hannibal Mask,Cyber,,,,,,,,,,,,,,,,,,,,
238,Baseformheadonly,Labcoat,BTC Cap,Cat Muzzle,Sunglasses,,,,,,,,,,,,,,,,,,,,
239,Baseformheadonly,Mech Fabric,Soldier Helmet,Sighing,Sad,,,,,,,,,,,,,,,,,,,,
240,Baseformheadonly,Parka,Ordinal Bandana,Cigar,Scientist Glasses,,,,,,,,,,,,,,,,,,,,
241,Baseformnotop,Bitcoin Labcoat,Rocket,Sad,Goggles,,,,,,,,,,,,,,,,,,,,
242,Baseformheadonly,Mech Fabric,Bald,Angry,Heart,,,,,,,,,,,,,,,,,,,,
243,Baseformheadonly,Tuxedo,Ordinal Cap,Gecko,Silly Glasses,,,,,,,,,,,,,,,,,,,,
244,Baseformheadonly,ExO Suit,Pepe Cap,Angry,Heart,,,,,,,,,,,,,,,,,,,,
245,Baseformheadonly,Labcoat,Fire Hair,Grandpa,Runestone Patch,,,,,,,,,,,,,,,,,,,,
246,Baseformheadonly,Polkadot,Ordinal Bandana,Angry,Confused,,,,,,,,,,,,,,,,,,,,
247,Clonesbaseformnotop,Bitcoin Labcoat,Rocket,Angry,Neutral,,,,,,,,,,,,,,,,,,,,
248,Baseformheadonly,Labcoat,Helmet,Tongue Out,Star,,,,,,,,,,,,,,,,,,,,
249,Baseformheadonly,Polkadot,Crown,Cat Muzzle,NodeRocks Glasses,,,,,,,,,,,,,,,,,,,,
250,Baseformheadonly,Kongz Fur,Pepe Cap,Monster Grin,Reading Glasses,,,,,,,,,,,,,,,,,,,,
251,Baseformheadonly,Polo,Ordinal Cap,Oogaverse Chompers,Sad,,,,,,,,,,,,,,,,,,,,
252,Baseformheadonly,ExO Suit,Top Hat,Zipped,Third Eye,,,,,,,,,,,,,,,,,,,,
253,Baseformheadonly,Soldier,Avalanche Hoodie,Gecko,Star,,,,,,,,,,,,,,,,,,,,
254,Baseformheadonly,Cosmos Tee,Scientist Hair,Zipped,Awe,,,,,,,,,,,,,,,,,,,,
255,Baseformheadonly,Labcoat,Hoodie,Shocked,Reading Glasses,,,,,,,,,,,,,,,,,,,,
256,Baseformheadonly,Fuel Coat,Bald,Cigar,Runestone Patch,,,,,,,,,,,,,,,,,,,,
257,Baseformheadonly,Aptos Tee,Crown,Grinning,Neutral,,,,,,,,,,,,,,,,,,,,
258,Baseformheadonly,Polo,ETH Cap,Grinning,Heart,,,,,,,,,,,,,,,,,,,,
259,Baseformheadonly,Labcoat,Pepe Cap,Grandpa,Awe,,,,,,,,,,,,,,,,,,,,
260,Baseformheadonly,Labcoat,Hoodie,Monster Grin,Angry,,,,,,,,,,,,,,,,,,,,
261,Baseformheadonly,Labcoat Bright,Bears Deluxe Ears,Neutral,Neutral,,,,,,,,,,,,,,,,,,,,
262,Baseformnotop,Soldier,Krownless,Smiling,Shocked,,,,,,,,,,,,,,,,,,,,
263,Baseformheadonly,Lumberjack,Scientist Hair,Neutral,Reading Glasses,,,,,,,,,,,,,,,,,,,,
264,Baseformheadonly,Soldier,Bald,Grinning,Nerd Glasses,,,,,,,,,,,,,,,,,,,,
265,Baseformheadonly,Labcoat,Hoodie,Surprised,Awe,,,,,,,,,,,,,,,,,,,,
266,Baseformheadonly,Polkadot,NYC Cap,Monster Grin,NodeRocks Glasses,,,,,,,,,,,,,,,,,,,,
267,Baseformheadonly,Fuel Coat,Crown,Zipped,Heart Glasses,,,,,,,,,,,,,,,,,,,,
268,Baseformheadonly,Labcoat,NYC Cap,Grinning,Ripped,,,,,,,,,,,,,,,,,,,,
269,Baseformheadonly,Polkadot,BTC Cap,Gecko,Shocked,,,,,,,,,,,,,,,,,,,,
270,Baseformheadonly,Solana Tank Top,Pepe Cap,Joker,Sad,,,,,,,,,,,,,,,,,,,,
271,Baseformheadonly,Kongz Fur,Crown,Bitcoin Puppets Mask,Laser,,,,,,,,,,,,,,,,,,,,
272,Baseformheadonly,Disco Suit,Black Hair,Terminator,Heart,,,,,,,,,,,,,,,,,,,,
273,Baseformheadonly,Firefighter,Fire Hair,Grinning,Laser,,,,,,,,,,,,,,,,,,,,
274,Baseformheadonly,Street Rat Vest,White Hair,Joint,Sunglasses,,,,,,,,,,,,,,,,,,,,
275,Baseformheadonly,Firefighter,Fire Hair,Monster Grin,Angry,,,,,,,,,,,,,,,,,,,,
276,Baseformheadonly,Bitcoin Labcoat,Rambo Bandana,Angry,Reading Glasses,,,,,,,,,,,,,,,,,,,,
277,Baseformheadonly,Fuel Coat,ETH Bandana,Sighing,Ripped,,,,,,,,,,,,,,,,,,,,
278,Baseformheadonly,Windbreaker,Ordinal Cap,Hannibal Mask,Reading Glasses,,,,,,,,,,,,,,,,,,,,
279,Baseformheadonly,Labcoat Bright,Icy Hair,Hannibal Mask,Nerd Glasses,,,,,,,,,,,,,,,,,,,,
280,Baseformheadonly,Ronin Jacket,Ronin Cap,Golden Teeth,Nerd Glasses,,,,,,,,,,,,,,,,,,,,
281,Baseformheadonly,Mech Fabric,Fire Hair,Lipless,Possessed,,,,,,,,,,,,,,,,,,,,
282,Baseformheadonly,TON Tee,Scientist Hair,Braces,Wink,,,,,,,,,,,,,,,,,,,,
283,Baseformheadonly,Tuxedo,Ronin Cap,Shocked,Star,,,,,,,,,,,,,,,,,,,,
284,Baseformheadonly,Mech Fabric,ETH Cap,Joint,Wink,,,,,,,,,,,,,,,,,,,,
285,Baseformheadonly,Solana Tank Top,Ordinal Cap,Grandpa,Awe,,,,,,,,,,,,,,,,,,,,
286,Baseformheadonly,Tuxedo,Helmet,Zipped,Annoyed,,,,,,,,,,,,,,,,,,,,
287,Baseformheadonly,Polkadot,BTC Cap,Zipped,Heart,,,,,,,,,,,,,,,,,,,,
288,Baseformheadonly,Mech Fabric,ETH Bandana,Cigar,Wink,,,,,,,,,,,,,,,,,,,,
289,Baseformheadonly,Polo,Ordinal Cap,Sighing,Annoyed,,,,,,,,,,,,,,,,,,,,
290,Baseformheadonly,Solana Tank Top,Beret,Cigar,Star,,,,,,,,,,,,,,,,,,,,
291,Baseformheadonly,Quantum Cat Coat,Red Bandana,Sad,Heart Glasses,,,,,,,,,,,,,,,,,,,,
292,Baseformnotop,Tuxedo,Krownless,Angry,Silly Glasses,,,,,,,,,,,,,,,,,,,,
293,Baseformheadonly,TON Tee,Ordinal Cap,Sad,Confused,,,,,,,,,,,,,,,,,,,,
294,Clonesbaseformheadonly,Leather Jacket,Soldier Helmet,Oogaverse Chompers,Possessed,,,,,,,,,,,,,,,,,,,,
295,Baseformheadonly,Cosmos Tee,Bald,Joint,Insane,,,,,,,,,,,,,,,,,,,,
296,Baseformnotop,Firefighter,USB,Tongue Out,Goggles,,,,,,,,,,,,,,,,,,,,
297,Baseformnotop,McOrdinals Polo,Braindead,Gecko,Runestone Patch,,,,,,,,,,,,,,,,,,,,
298,Baseformheadonly,Firefighter,Soldier Helmet,Smiling,Reading Glasses,,,,,,,,,,,,,,,,,,,,
299,Baseformheadonly,Royal,White Hair,Trolling,Confused,,,,,,,,,,,,,,,,,,,,
300,Baseformheadonly,TON Tee,ETH Bandana,Angry,Star,,,,,,,,,,,,,,,,,,,,
301,Baseformheadonly,Quantum Cat Coat,Pepe Cap,Trolling,Frustrated,,,,,,,,,,,,,,,,,,,,
302,Baseformheadonly,Solana Tank Top,Toque,Sad,Sunglasses,,,,,,,,,,,,,,,,,,,,
303,Baseformheadonly,Windbreaker,Scientist Hair,Hannibal Mask,Insane,,,,,,,,,,,,,,,,,,,,
304,Baseformheadonly,Labcoat,Hoodie,Braces,Confused,,,,,,,,,,,,,,,,,,,,
305,Baseformheadonly,Tuxedo,BTC Cap,Neutral,Confused,,,,,,,,,,,,,,,,,,,,
306,Baseformheadonly,Street Rat Vest,Ordinal Cap,Golden Teeth,Silly Glasses,,,,,,,,,,,,,,,,,,,,
307,Baseformheadonly,Labcoat Bright,Ordinal Bandana,Zipped,3D Glasses,,,,,,,,,,,,,,,,,,,,
308,Baseformheadonly,ExO Suit,Ordinal Cap,Braces,Annoyed,,,,,,,,,,,,,,,,,,,,
309,Baseformheadonly,Mech Fabric,Sayajin,Cat Muzzle,Cyber,,,,,,,,,,,,,,,,,,,,
310,Baseformheadonly,Kongz Fur,Fire Hair,Trolling,Heart,,,,,,,,,,,,,,,,,,,,
311,Baseformheadonly,Labcoat,BTC Bandana,Lipless,Annoyed,,,,,,,,,,,,,,,,,,,,
312,Baseformheadonly,Quantum Cat Coat,Pepe Cap,Cigar,Surprised,,,,,,,,,,,,,,,,,,,,
313,Baseformheadonly,Royal,Black Hair,Maniac,Reading Glasses,,,,,,,,,,,,,,,,,,,,
314,Baseformheadonly,ExO Suit,Scientist Hair,Cat Muzzle,3D Glasses,,,,,,,,,,,,,,,,,,,,
315,Baseformheadonly,Street Rat Vest,Pepe Cap,Joint,Reading Glasses,,,,,,,,,,,,,,,,,,,,
316,Baseformheadonly,Kongz Fur,Bears Deluxe Ears,Sighing,Sunglasses,,,,,,,,,,,,,,,,,,,,
317,Baseformheadonly,Labcoat,ETH Bandana,Grandpa,Duo Color,,,,,,,,,,,,,,,,,,,,
318,Baseformheadonly,Cosmos Tee,Ronin Cap,Sighing,Happy,,,,,,,,,,,,,,,,,,,,
319,Baseformheadonly,Kongz Fur,Bald,Surprised,Laser,,,,,,,,,,,,,,,,,,,,
320,Baseformheadonly,Polkadot,NYC Cap,Monster Grin,NodeRocks Glasses,,,,,,,,,,,,,,,,,,,,
321,Baseformheadonly,Labcoat,Ordinal Cap,Neutral,Surprised,,,,,,,,,,,,,,,,,,,,
322,Baseformheadonly,TON Tee,Ordinal Bandana,Joint,Insane,,,,,,,,,,,,,,,,,,,,
323,Baseformheadonly,Fuel Coat,Scientist Hair,Angry,Scientist Glasses,,,,,,,,,,,,,,,,,,,,
324,Baseformheadonly,Parka,BTC Cap,Golden Teeth,Ripped,,,,,,,,,,,,,,,,,,,,
325,Baseformheadonly,Casper Blazer,Black Hair,Joint,Sad,,,,,,,,,,,,,,,,,,,,
326,Baseformheadonly,Kongz Fur,Soldier Helmet,Trolling,Awe,,,,,,,,,,,,,,,,,,,,
327,Baseformheadonly,Polo,NYC Cap,Trolling,Reading Glasses,,,,,,,,,,,,,,,,,,,,
328,Baseformheadonly,Polo,Ordinal Cap,Maniac,Nerd Glasses,,,,,,,,,,,,,,,,,,,,
329,Baseformheadonly,Parka,Scientist Hair,Maniac,Goggles,,,,,,,,,,,,,,,,,,,,
330,Baseformheadonly,Disco Suit,BTC Cap,Shocked,Cyber,,,,,,,,,,,,,,,,,,,,
331,Baseformheadonly,Firefighter,Icy Hair,Braces,Night Vision Goggles,,,,,,,,,,,,,,,,,,,,
332,Baseformheadonly,Quantum Cat Coat,Ordinal Cap,Smiling,Heart,,,,,,,,,,,,,,,,,,,,
333,Baseformheadonly,Ronin Jacket,Red Bandana,Joint,Annoyed,,,,,,,,,,,,,,,,,,,,
334,Baseformheadonly,Aptos Tee,Rambo Bandana,Sad,Third Eye,,,,,,,,,,,,,,,,,,,,
335,Baseformheadonly,Labcoat,ETH Cap,Golden Teeth,Heart Glasses,,,,,,,,,,,,,,,,,,,,
336,Baseformheadonly,Kongz Fur,NYC Cap,Golden Teeth,Heart,,,,,,,,,,,,,,,,,,,,
337,Baseformheadonly,Tuxedo,Black Hair,Angry,Third Eye,,,,,,,,,,,,,,,,,,,,
338,Baseformheadonly,Fuel Coat,Fire Hair,Golden Teeth,Scientist Glasses,,,,,,,,,,,,,,,,,,,,
339,Baseformheadonly,Tuxedo,Rambo Bandana,Oogaverse Chompers,3D Glasses,,,,,,,,,,,,,,,,,,,,
340,Baseformheadonly,Quantum Cat Coat,Bears Deluxe Ears,Angry,Neutral,,,,,,,,,,,,,,,,,,,,
341,Baseformheadonly,Disco Suit,Icy Hair,Hannibal Mask,Insane,,,,,,,,,,,,,,,,,,,,
342,Baseformheadonly,Fuel Coat,Ordinal Bandana,Braces,Shocked,,,,,,,,,,,,,,,,,,,,
343,Baseformheadonly,Labcoat Bright,White Hair,Sad,Angry,,,,,,,,,,,,,,,,,,,,
344,Baseformheadonly,Solana Tank Top,NYC Cap,Joint,Sad,,,,,,,,,,,,,,,,,,,,
345,Baseformheadonly,Polo,Ronin Cap,Braces,Heart Glasses,,,,,,,,,,,,,,,,,,,,
346,Baseformheadonly,Labcoat,Bald,Joint,VR Headset,,,,,,,,,,,,,,,,,,,,
347,Baseformheadonly,Quantum Cat Coat,Ronin Cap,Cigar,Nerd Glasses,,,,,,,,,,,,,,,,,,,,
348,Baseformnotop,Parka,USB,Joint,Thunder,,,,,,,,,,,,,,,,,,,,
349,Baseformheadonly,ExO Suit,Bears Deluxe Ears,Golden Teeth,Heart Glasses,,,,,,,,,,,,,,,,,,,,
350,Baseformheadonly,Kongz Fur,Toque,Lipless,Wink,,,,,,,,,,,,,,,,,,,,
351,Baseformheadonly,Street Rat Vest,Fire Fighter,Grandpa,Heart Glasses,,,,,,,,,,,,,,,,,,,,
352,Baseformheadonly,Leather Jacket,BTC Bandana,Neutral,Sad,,,,,,,,,,,,,,,,,,,,
353,Baseformheadonly,Fuel Coat,Pepe Cap,Trolling,Awe,,,,,,,,,,,,,,,,,,,,
354,Baseformheadonly,Labcoat Bright,Toque,Vomiting,Neutral,,,,,,,,,,,,,,,,,,,,
355,Baseformheadonly,Kongz Fur,White Hair,Trolling,Possessed,,,,,,,,,,,,,,,,,,,,
356,Baseformheadonly,Labcoat,Rambo Bandana,Gecko,Confused,,,,,,,,,,,,,,,,,,,,
357,Baseformheadonly,ExO Suit,Fire Hair,Sighing,Heart,,,,,,,,,,,,,,,,,,,,
358,Baseformheadonly,Mech Fabric,Scientist Hair,Vampire,Laser,,,,,,,,,,,,,,,,,,,,
359,Baseformheadonly,Aptos Tee,Ordinal Cap,Joint,Heart Glasses,,,,,,,,,,,,,,,,,,,,
360,Baseformnotop,Tuxedo,Rocket,Bitcoin Puppets Mask,Reading Glasses,,,,,,,,,,,,,,,,,,,,
361,Baseformheadonly,Solana Tank Top,Ronin Cap,Angry,Heart Glasses,,,,,,,,,,,,,,,,,,,,
362,Baseformheadonly,Parka,Icy Hair,Bitcoin Puppets Mask,Cyber,,,,,,,,,,,,,,,,,,,,
363,Baseformheadonly,Labcoat Bright,Pepe Cap,Grinning,Monocycle,,,,,,,,,,,,,,,,,,,,
364,Baseformheadonly,Casper Blazer,Soldier Helmet,Joker,Insane,,,,,,,,,,,,,,,,,,,,
365,Baseformheadonly,Windbreaker,Ordinal Cap,Surprised,Runestone Patch,,,,,,,,,,,,,,,,,,,,
366,Baseformheadonly,Ronin Jacket,Beret,Surprised,Angry,,,,,,,,,,,,,,,,,,,,
367,Baseformheadonly,Parka,Icy Hair,Vampire,Neutral,,,,,,,,,,,,,,,,,,,,
368,Baseformheadonly,Solana Tank Top,Icy Hair,Neutral,NodeRocks Glasses,,,,,,,,,,,,,,,,,,,,
369,Baseformheadonly,Lumberjack,Bald,Neutral,Insane,,,,,,,,,,,,,,,,,,,,
370,Clonesbaseformheadonly,Denim Jacket,Bears Deluxe Ears,Vomiting,Angry,,,,,,,,,,,,,,,,,,,,
371,Baseformheadonly,Windbreaker,ETH Bandana,Braces,Thunder,,,,,,,,,,,,,,,,,,,,
372,Baseformheadonly,Bitcoin Labcoat,Black Hair,Braces,Neutral,,,,,,,,,,,,,,,,,,,,
373,Baseformheadonly,Fuel Coat,Soldier Helmet,Sighing,Ripped,,,,,,,,,,,,,,,,,,,,
374,Baseformheadonly,Cosmos Tee,McOrdinals Cap,Neutral,Reading Glasses,,,,,,,,,,,,,,,,,,,,
375,Baseformheadonly,Labcoat,Hoodie,Cat Muzzle,Annoyed,,,,,,,,,,,,,,,,,,,,
376,Baseformheadonly,Denim Jacket,Rambo Bandana,Joker,Cyber,,,,,,,,,,,,,,,,,,,,
377,Baseformheadonly,ExO Suit,ETH Bandana,Angry,Shocked,,,,,,,,,,,,,,,,,,,,
378,Baseformheadonly,Polkadot,Icy Hair,Joint,Annoyed,,,,,,,,,,,,,,,,,,,,
379,Baseformheadonly,Firefighter,Scientist Hair,Vampire,Angry,,,,,,,,,,,,,,,,,,,,
380,Baseformheadonly,Street Rat Vest,Rambo Bandana,Braces,Nerd Glasses,,,,,,,,,,,,,,,,,,,,
381,Baseformheadonly,Polkadot,White Hair,Neutral,Insane,,,,,,,,,,,,,,,,,,,,
382,Baseformheadonly,Solana Tank Top,Scientist Hair,Braces,Third Eye,,,,,,,,,,,,,,,,,,,,
383,Baseformheadonly,Street Rat Vest,Soldier Helmet,Vomiting,Scientist Glasses,,,,,,,,,,,,,,,,,,,,
384,Baseformheadonly,Firefighter,Ordinal Cap,Sighing,Nerd Glasses,,,,,,,,,,,,,,,,,,,,
385,Baseformheadonly,Mech Fabric,Red Bandana,Grinning,Insane,,,,,,,,,,,,,,,,,,,,
386,Baseformheadonly,TON Tee,McOrdinals Cap,Sad,Star,,,,,,,,,,,,,,,,,,,,
387,Baseformheadonly,Windbreaker,Ordinal Bandana,Neutral,Nerd Glasses,,,,,,,,,,,,,,,,,,,,
388,Baseformheadonly,Tuxedo,Sayajin,Joint,Night Vision Goggles,,,,,,,,,,,,,,,,,,,,
389,Baseformheadonly,Polo,Ordinal Cap,Neutral,Sad,,,,,,,,,,,,,,,,,,,,
390,Baseformheadonly,Denim Jacket,White Hair,Hannibal Mask,Confused,,,,,,,,,,,,,,,,,,,,
391,Baseformheadonly,Solana Tank Top,Fire Hair,Gecko,Silly Glasses,,,,,,,,,,,,,,,,,,,,
392,Baseformheadonly,Parka,Beret,Gecko,Happy,,,,,,,,,,,,,,,,,,,,
393,Baseformheadonly,Soldier,Crown,Joker,Scientist Glasses,,,,,,,,,,,,,,,,,,,,
394,Clonesbaseformheadonly,Labcoat,BTC Cap,Monster Grin,Possessed,,,,,,,,,,,,,,,,,,,,
395,Baseformheadonly,Polkadot,Black Hair,Grandpa,Reading Glasses,,,,,,,,,,,,,,,,,,,,
396,Baseformheadonly,Kongz Fur,BTC Bandana,Angry,Wink,,,,,,,,,,,,,,,,,,,,
397,Baseformheadonly,Firefighter,ETH Cap,Trolling,Sad,,,,,,,,,,,,,,,,,,,,
398,Baseformheadonly,Casper Blazer,Rambo Bandana,Braces,Surprised,,,,,,,,,,,,,,,,,,,,
399,Baseformheadonly,Soldier,Ordinal Bandana,Trolling,Frustrated,,,,,,,,,,,,,,,,,,,,
400,Baseformheadonly,Tuxedo,Pepe Cap,Grandpa,Sunglasses,,,,,,,,,,,,,,,,,,,,
401,Clonesbaseformnotop,Denim Jacket,USB,Braces,80s Glasses,,,,,,,,,,,,,,,,,,,,
402,Clonesbaseformheadonly,Labcoat,Avalanche Hoodie,Neutral,Annoyed,,,,,,,,,,,,,,,,,,,,
403,Baseformheadonly,Tuxedo,Toque,Maniac,Sad,,,,,,,,,,,,,,,,,,,,
404,Baseformheadonly,Kongz Fur,Rambo Bandana,Angry,Reading Glasses,,,,,,,,,,,,,,,,,,,,
405,Baseformheadonly,Aptos Tee,Ordinal Cap,Sad,Sad,,,,,,,,,,,,,,,,,,,,
406,Baseformheadonly,Aptos Tee,Ordinal Bandana,Surprised,NodeRocks Glasses,,,,,,,,,,,,,,,,,,,,
407,Baseformheadonly,Tuxedo,BTC Cap,Cigar,Insane,,,,,,,,,,,,,,,,,,,,
408,Baseformheadonly,Mech Fabric,Ronin Cap,Joint,Angry,,,,,,,,,,,,,,,,,,,,
409,Baseformheadonly,Labcoat,Bears Deluxe Ears,Joint,Neutral,,,,,,,,,,,,,,,,,,,,
410,Baseformheadonly,Windbreaker,Ordinal Cap,Surprised,Runestone Patch,,,,,,,,,,,,,,,,,,,,
411,Baseformheadonly,Labcoat,Hoodie,Trolling,Sad,,,,,,,,,,,,,,,,,,,,
412,Baseformheadonly,Aptos Tee,Icy Hair,Grandpa,Third Eye,,,,,,,,,,,,,,,,,,,,
413,Baseformheadonly,Quantum Cat Coat,Black Hair,Angry,Neutral,,,,,,,,,,,,,,,,,,,,
414,Baseformheadonly,TON Tee,McOrdinals Cap,Neutral,Awe,,,,,,,,,,,,,,,,,,,,
415,Baseformheadonly,Windbreaker,NYC Cap,Cigar,Angry,,,,,,,,,,,,,,,,,,,,
416,Baseformheadonly,TON Tee,Scientist Hair,Gecko,Ripped,,,,,,,,,,,,,,,,,,,,
417,Baseformheadonly,Labcoat,Icy Hair,Smiling,Runestone Patch,,,,,,,,,,,,,,,,,,,,
418,Baseformheadonly,Polo,Sayajin,Grandpa,Awe,,,,,,,,,,,,,,,,,,,,
419,Baseformheadonly,Windbreaker,Pepe Cap,Terminator,Goggles,,,,,,,,,,,,,,,,,,,,
420,Baseformheadonly,Parka,White Hair,Braces,Possessed,,,,,,,,,,,,,,,,,,,,
421,Baseformheadonly,Kongz Fur,ETH Bandana,Lipless,Monocycle,,,,,,,,,,,,,,,,,,,,
422,Baseformheadonly,Solana Tank Top,Fire Hair,Braces,Runestone Patch,,,,,,,,,,,,,,,,,,,,
423,Baseformheadonly,Denim Jacket,White Hair,Sighing,Awe,,,,,,,,,,,,,,,,,,,,
424,Baseformheadonly,Labcoat,Bears Deluxe Ears,Shocked,Frustrated,,,,,,,,,,,,,,,,,,,,
425,Baseformheadonly,ExO Suit,ETH Cap,Neutral,Annoyed,,,,,,,,,,,,,,,,,,,,
426,Baseformnotop,Quantum Cat Coat,USB,Smiling,Duo Color,,,,,,,,,,,,,,,,,,,,
427,Baseformheadonly,Fuel Coat,White Hair,Sighing,Goggles,,,,,,,,,,,,,,,,,,,,
428,Baseformheadonly,ExO Suit,Scientist Hair,Grandpa,Surprised,,,,,,,,,,,,,,,,,,,,
429,Baseformheadonly,Lumberjack,Sayajin,Tongue Out,Runestone Patch,,,,,,,,,,,,,,,,,,,,
430,Baseformheadonly,Aptos Tee,BTC Cap,Trolling,Nerd Glasses,,,,,,,,,,,,,,,,,,,,
431,Baseformheadonly,Labcoat,BTC Cap,Joker,Surprised,,,,,,,,,,,,,,,,,,,,
432,Baseformheadonly,Solana Tank Top,Ordinal Cap,Smiling,80s Glasses,,,,,,,,,,,,,,,,,,,,
433,Baseformheadonly,Quantum Cat Coat,Scientist Hair,Hannibal Mask,Neutral,,,,,,,,,,,,,,,,,,,,
434,Baseformheadonly,Firefighter,NYC Cap,Cigar,Insane,,,,,,,,,,,,,,,,,,,,
435,Baseformheadonly,Labcoat,Hoodie,Grinning,Possessed,,,,,,,,,,,,,,,,,,,,
436,Baseformheadonly,Fuel Coat,Black Hair,Grinning,Wink,,,,,,,,,,,,,,,,,,,,
437,Baseformheadonly,Aptos Tee,McOrdinals Cap,Maniac,NodeRocks Glasses,,,,,,,,,,,,,,,,,,,,
438,Baseformheadonly,Bitcoin Labcoat,Sayajin,Hannibal Mask,Wink,,,,,,,,,,,,,,,,,,,,
439,Baseformheadonly,Aptos Tee,Soldier Helmet,Surprised,Surprised,,,,,,,,,,,,,,,,,,,,
440,Baseformheadonly,Windbreaker,Top Hat,Lipless,Sad,,,,,,,,,,,,,,,,,,,,
441,Baseformheadonly,Denim Jacket,Icy Hair,Smiling,Third Eye,,,,,,,,,,,,,,,,,,,,
442,Baseformheadonly,TON Tee,Pepe Cap,Surprised,Duo Color,,,,,,,,,,,,,,,,,,,,
443,Baseformheadonly,Quantum Cat Coat,Scientist Hair,Angry,Annoyed,,,,,,,,,,,,,,,,,,,,
444,Baseformheadonly,Ronin Jacket,BTC Cap,Sad,Thunder,,,,,,,,,,,,,,,,,,,,
445,Baseformheadonly,Kongz Fur,McOrdinals Cap,Joker,Awe,,,,,,,,,,,,,,,,,,,,
446,Baseformheadonly,Kongz Fur,ETH Bandana,Trolling,Confused,,,,,,,,,,,,,,,,,,,,
447,Baseformnotop,Parka,Krownless,Neutral,Sunglasses,,,,,,,,,,,,,,,,,,,,
448,Baseformheadonly,Labcoat,BTC Bandana,Golden Teeth,Angry,,,,,,,,,,,,,,,,,,,,
449,Baseformheadonly,Parka,Sayajin,Oogaverse Chompers,Wink,,,,,,,,,,,,,,,,,,,,
450,Baseformheadonly,Ronin Jacket,Sayajin,Vampire,Angry,,,,,,,,,,,,,,,,,,,,
451,Baseformheadonly,Labcoat,Beret,Surprised,Insane,,,,,,,,,,,,,,,,,,,,
452,Baseformheadonly,Denim Jacket,Black Hair,Zipped,Night Vision Goggles,,,,,,,,,,,,,,,,,,,,
453,Baseformheadonly,Lumberjack,Crown,Braces,Ripped,,,,,,,,,,,,,,,,,,,,
454,Baseformheadonly,Labcoat,BTC Cap,Braces,Annoyed,,,,,,,,,,,,,,,,,,,,
455,Baseformheadonly,Labcoat,Hoodie,Sad,Confused,,,,,,,,,,,,,,,,,,,,
456,Baseformheadonly,Mech Fabric,BTC Cap,Angry,Night Vision Goggles,,,,,,,,,,,,,,,,,,,,
457,Clonesbaseformheadonly,Labcoat Bright,White Hair,Cat Muzzle,VR Headset,,,,,,,,,,,,,,,,,,,,
458,Baseformheadonly,Fuel Coat,Scientist Hair,Tongue Out,Reading Glasses,,,,,,,,,,,,,,,,,,,,
459,Baseformheadonly,Labcoat Bright,Ronin Cap,Angry,Possessed,,,,,,,,,,,,,,,,,,,,
460,Baseformheadonly,Quantum Cat Coat,Ronin Cap,Neutral,Wink,,,,,,,,,,,,,,,,,,,,
461,Baseformheadonly,TON Tee,Pepe Cap,Trolling,Neutral,,,,,,,,,,,,,,,,,,,,
462,Baseformheadonly,Labcoat,BTC Bandana,Terminator,Happy,,,,,,,,,,,,,,,,,,,,
463,Baseformheadonly,Ronin Jacket,McOrdinals Cap,Gecko,Third Eye,,,,,,,,,,,,,,,,,,,,
464,Baseformheadonly,Disco Suit,Bears Deluxe Ears,Smiling,Happy,,,,,,,,,,,,,,,,,,,,
465,Baseformnotop,Solana Tank Top,Braindead,Sad,Angry,,,,,,,,,,,,,,,,,,,,
466,Baseformheadonly,Street Rat Vest,McOrdinals Cap,Gecko,Neutral,,,,,,,,,,,,,,,,,,,,
467,Baseformheadonly,Polkadot,Fire Hair,Oogaverse Chompers,Annoyed,,,,,,,,,,,,,,,,,,,,
468,Baseformheadonly,Royal,Ronin Cap,Tongue Out,Heart Glasses,,,,,,,,,,,,,,,,,,,,
469,Baseformheadonly,Quantum Cat Coat,White Hair,Trolling,80s Glasses,,,,,,,,,,,,,,,,,,,,
470,Baseformheadonly,Labcoat,Ordinal Cap,Angry,Nerd Glasses,,,,,,,,,,,,,,,,,,,,
471,Baseformheadonly,Tuxedo,Bears Deluxe Ears,Sad,Sunglasses,,,,,,,,,,,,,,,,,,,,
472,Baseformheadonly,Labcoat,ETH Cap,Vampire,Reading Glasses,,,,,,,,,,,,,,,,,,,,
473,Baseformheadonly,Parka,Toque,Cat Muzzle,Insane,,,,,,,,,,,,,,,,,,,,
474,Baseformheadonly,Parka,Crown,Grinning,Heart Glasses,,,,,,,,,,,,,,,,,,,,
475,Baseformheadonly,Labcoat,Fire Fighter,Vampire,Star,,,,,,,,,,,,,,,,,,,,
476,Baseformheadonly,Cosmos Tee,White Hair,Gecko,Heart Glasses,,,,,,,,,,,,,,,,,,,,
477,Baseformheadonly,Disco Suit,Scientist Hair,Golden Teeth,Monocycle,,,,,,,,,,,,,,,,,,,,
478,Baseformheadonly,McOrdinals Polo,Beret,Trolling,3D Glasses,,,,,,,,,,,,,,,,,,,,
479,Baseformheadonly,Bitcoin Labcoat,Pepe Cap,Trolling,Nerd Glasses,,,,,,,,,,,,,,,,,,,,
480,Baseformheadonly,Windbreaker,Helmet,Tongue Out,Sad,,,,,,,,,,,,,,,,,,,,
481,Baseformheadonly,Labcoat,White Hair,Braces,Sunglasses,,,,,,,,,,,,,,,,,,,,
482,Baseformheadonly,Solana Tank Top,Red Bandana,Grandpa,Angry,,,,,,,,,,,,,,,,,,,,
483,Baseformheadonly,Firefighter,Scientist Hair,Sighing,Confused,,,,,,,,,,,,,,,,,,,,
484,Clonesbaseformheadonly,Labcoat,Avalanche Hoodie,Neutral,Angry,,,,,,,,,,,,,,,,,,,,
485,Baseformheadonly,Street Rat Vest,Top Hat,Vampire,Angry,,,,,,,,,,,,,,,,,,,,
486,Baseformheadonly,Polo,Scientist Hair,Joker,Shocked,,,,,,,,,,,,,,,,,,,,
487,Baseformheadonly,Windbreaker,Soldier Helmet,Braces,Monocycle,,,,,,,,,,,,,,,,,,,,
488,Baseformnotop,Labcoat,Braindead,Hannibal Mask,Annoyed,,,,,,,,,,,,,,,,,,,,
489,Baseformheadonly,Kongz Fur,Ronin Cap,Joker,3D Glasses,,,,,,,,,,,,,,,,,,,,
490,Baseformheadonly,Aptos Tee,Pepe Cap,Angry,Duo Color,,,,,,,,,,,,,,,,,,,,
491,Baseformheadonly,Labcoat Bright,Ordinal Bandana,Zipped,3D Glasses,,,,,,,,,,,,,,,,,,,,
492,Baseformheadonly,Labcoat,Toque,Joint,Angry,,,,,,,,,,,,,,,,,,,,
493,Baseformheadonly,Denim Jacket,Ronin Cap,Cat Muzzle,Nerd Glasses,,,,,,,,,,,,,,,,,,,,
494,Baseformheadonly,Tuxedo,Fire Hair,Vampire,Star,,,,,,,,,,,,,,,,,,,,
495,Baseformheadonly,Labcoat,Ronin Cap,Monster Grin,Sunglasses,,,,,,,,,,,,,,,,,,,,
496,Baseformheadonly,Labcoat Bright,ETH Bandana,Vampire,Goggles,,,,,,,,,,,,,,,,,,,,
497,Baseformheadonly,Labcoat,McOrdinals Cap,Braces,Heart,,,,,,,,,,,,,,,,,,,,
498,Baseformheadonly,Labcoat,Ordinal Cap,Gecko,Scientist Glasses,,,,,,,,,,,,,,,,,,,,
499,Baseformnotop,TON Tee,Krownless,Vomiting,Wink,,,,,,,,,,,,,,,,,,,,
500,Baseformheadonly,Labcoat Bright,Icy Hair,Trolling,Annoyed,,,,,,,,,,,,,,,,,,,,
501,Baseformheadonly,ExO Suit,Avalanche Hoodie,Terminator,Wink,,,,,,,,,,,,,,,,,,,,
502,Baseformheadonly,Kongz Fur,Scientist Hair,Braces,Third Eye,,,,,,,,,,,,,,,,,,,,
503,Baseformheadonly,Aptos Tee,ETH Bandana,Lipless,VR Headset,,,,,,,,,,,,,,,,,,,,
504,Baseformheadonly,Windbreaker,Rambo Bandana,Sighing,Heart,,,,,,,,,,,,,,,,,,,,
505,Baseformheadonly,Leather Jacket,Ronin Cap,Smiling,Wink,,,,,,,,,,,,,,,,,,,,
506,Baseformheadonly,Mech Fabric,Fire Hair,Neutral,Heart,,,,,,,,,,,,,,,,,,,,
507,Baseformheadonly,Bitcoin Labcoat,Fire Hair,Golden Teeth,NodeRocks Glasses,,,,,,,,,,,,,,,,,,,,
508,Baseformheadonly,Aptos Tee,Avalanche Hoodie,Grinning,Duo Color,,,,,,,,,,,,,,,,,,,,
509,Baseformheadonly,Lumberjack,Black Hair,Grandpa,3D Glasses,,,,,,,,,,,,,,,,,,,,
510,Baseformheadonly,Labcoat,Hoodie,Golden Teeth,Neutral,,,,,,,,,,,,,,,,,,,,
511,Baseformheadonly,Denim Jacket,Scientist Hair,Braces,Scientist Glasses,,,,,,,,,,,,,,,,,,,,
512,Baseformheadonly,TON Tee,Rambo Bandana,Maniac,Heart Glasses,,,,,,,,,,,,,,,,,,,,
513,Baseformheadonly,Mech Fabric,Sayajin,Grinning,Annoyed,,,,,,,,,,,,,,,,,,,,
514,Baseformheadonly,Labcoat Bright,Scientist Hair,Trolling,Ripped,,,,,,,,,,,,,,,,,,,,
515,Baseformheadonly,Denim Jacket,NYC Cap,Smiling,Possessed,,,,,,,,,,,,,,,,,,,,
516,Baseformheadonly,Labcoat,McOrdinals Cap,Grinning,Sad,,,,,,,,,,,,,,,,,,,,
517,Baseformheadonly,Aptos Tee,Toque,Smiling,NodeRocks Glasses,,,,,,,,,,,,,,,,,,,,
518,Clonesbaseformheadonly,Bitcoin Labcoat,Bald,Golden Teeth,Angry,,,,,,,,,,,,,,,,,,,,
519,Baseformheadonly,ExO Suit,Scientist Hair,Trolling,Duo Color,,,,,,,,,,,,,,,,,,,,
520,Baseformnotop,Labcoat Bright,USB,Surprised,Awe,,,,,,,,,,,,,,,,,,,,
521,Baseformheadonly,Labcoat,Toque,Gecko,Awe,,,,,,,,,,,,,,,,,,,,
522,Baseformheadonly,Ronin Jacket,Ordinal Bandana,Lipless,Sad,,,,,,,,,,,,,,,,,,,,
523,Baseformheadonly,Labcoat,Top Hat,Oogaverse Chompers,Surprised,,,,,,,,,,,,,,,,,,,,
524,Baseformheadonly,Labcoat,Bears Deluxe Ears,Cigar,Star,,,,,,,,,,,,,,,,,,,,
525,Baseformheadonly,Cosmos Tee,Bald,Bitcoin Puppets Mask,VR Headset,,,,,,,,,,,,,,,,,,,,
526,Baseformheadonly,Leather Jacket,Pepe Cap,Joker,Possessed,,,,,,,,,,,,,,,,,,,,
527,Baseformheadonly,Quantum Cat Coat,Top Hat,Ultrasonic,Surprised,,,,,,,,,,,,,,,,,,,,
528,Baseformheadonly,Kongz Fur,Scientist Hair,Hannibal Mask,Confused,,,,,,,,,,,,,,,,,,,,
529,Baseformheadonly,Fuel Coat,Helmet,Sad,Ripped,,,,,,,,,,,,,,,,,,,,
530,Clonesbaseformheadonly,Denim Jacket,Ronin Cap,Angry,Thunder,,,,,,,,,,,,,,,,,,,,
531,Baseformheadonly,Solana Tank Top,ETH Bandana,Joker,Frustrated,,,,,,,,,,,,,,,,,,,,
532,Baseformheadonly,Fuel Coat,Toque,Cat Muzzle,Neutral,,,,,,,,,,,,,,,,,,,,
533,Clonesbaseformheadonly,McOrdinals Polo,McOrdinals Cap,Trolling,NodeRocks Glasses,,,,,,,,,,,,,,,,,,,,
534,Clonesbaseformheadonly,Leather Jacket,Sayajin,Cat Muzzle,NodeRocks Glasses,,,,,,,,,,,,,,,,,,,,
535,Baseformheadonly,Leather Jacket,Fire Hair,Maniac,Cyber,,,,,,,,,,,,,,,,,,,,
536,Baseformheadonly,Tuxedo,Crown,Gecko,80s Glasses,,,,,,,,,,,,,,,,,,,,
537,Baseformheadonly,Labcoat,Pepe Cap,Sighing,Thunder,,,,,,,,,,,,,,,,,,,,
538,Baseformheadonly,Mech Fabric,Bears Deluxe Ears,Angry,80s Glasses,,,,,,,,,,,,,,,,,,,,
539,Baseformheadonly,Labcoat,Hoodie,Bitcoin Puppets Mask,Star,,,,,,,,,,,,,,,,,,,,
540,Baseformheadonly,Labcoat,ETH Bandana,Hannibal Mask,80s Glasses,,,,,,,,,,,,,,,,,,,,
541,Baseformheadonly,Firefighter,NYC Cap,Smiling,Sad,,,,,,,,,,,,,,,,,,,,
542,Baseformheadonly,Solana Tank Top,ETH Cap,Golden Teeth,Nerd Glasses,,,,,,,,,,,,,,,,,,,,
543,Baseformheadonly,Labcoat Bright,Bears Deluxe Ears,Neutral,Star,,,,,,,,,,,,,,,,,,,,
544,Baseformheadonly,Kongz Fur,Ordinal Cap,Maniac,Duo Color,,,,,,,,,,,,,,,,,,,,
545,Baseformheadonly,TON Tee,Icy Hair,Trolling,Shocked,,,,,,,,,,,,,,,,,,,,
546,Baseformheadonly,Disco Suit,Bald,Joint,Third Eye,,,,,,,,,,,,,,,,,,,,
547,Baseformheadonly,Street Rat Vest,Black Hair,Sighing,Surprised,,,,,,,,,,,,,,,,,,,,
548,Baseformheadonly,Ronin Jacket,Pepe Cap,Braces,80s Glasses,,,,,,,,,,,,,,,,,,,,
549,Baseformheadonly,Labcoat,Ronin Cap,Hannibal Mask,Night Vision Goggles,,,,,,,,,,,,,,,,,,,,
550,Baseformheadonly,McOrdinals Polo,ETH Bandana,Golden Teeth,Goggles,,,,,,,,,,,,,,,,,,,,
551,Baseformheadonly,Windbreaker,Ronin Cap,Monster Grin,Happy,,,,,,,,,,,,,,,,,,,,
552,Baseformheadonly,Soldier,Toque,Monster Grin,Sad,,,,,,,,,,,,,,,,,,,,
553,Baseformheadonly,Cosmos Tee,Ordinal Cap,Sighing,Nerd Glasses,,,,,,,,,,,,,,,,,,,,
554,Baseformheadonly,Mech Fabric,Scientist Hair,Neutral,Night Vision Goggles,,,,,,,,,,,,,,,,,,,,
555,Baseformheadonly,Soldier,NYC Cap,Grandpa,Nerd Glasses,,,,,,,,,,,,,,,,,,,,
556,Baseformheadonly,Labcoat,BTC Bandana,Trolling,Frustrated,,,,,,,,,,,,,,,,,,,,
557,Baseformheadonly,Lumberjack,White Hair,Braces,Sunglasses,,,,,,,,,,,,,,,,,,,,
558,Baseformheadonly,McOrdinals Polo,ETH Cap,Trolling,Sad,,,,,,,,,,,,,,,,,,,,
559,Clonesbaseformheadonly,Labcoat Bright,Ordinal Cap,Sighing,VR Headset,,,,,,,,,,,,,,,,,,,,
560,Clonesbaseformheadonly,Labcoat,Bald,Braces,Awe,,,,,,,,,,,,,,,,,,,,
561,Baseformheadonly,Labcoat,Hoodie,Oogaverse Chompers,Heart,,,,,,,,,,,,,,,,,,,,
562,Baseformnotop,Royal,USB,Terminator,Confused,,,,,,,,,,,,,,,,,,,,
563,Baseformheadonly,Fuel Coat,Ronin Cap,Sighing,Insane,,,,,,,,,,,,,,,,,,,,
564,Baseformheadonly,McOrdinals Polo,Beret,Vampire,Runestone Patch,,,,,,,,,,,,,,,,,,,,
565,Baseformheadonly,Polkadot,Ronin Cap,Shocked,Sad,,,,,,,,,,,,,,,,,,,,
566,Baseformnotop,Soldier,USB,Smiling,Scientist Glasses,,,,,,,,,,,,,,,,,,,,
567,Baseformheadonly,Tuxedo,Rambo Bandana,Joint,Neutral,,,,,,,,,,,,,,,,,,,,
568,Baseformnotop,Cosmos Tee,Braindead,Terminator,Heart Glasses,,,,,,,,,,,,,,,,,,,,
569,Baseformheadonly,TON Tee,Top Hat,Smiling,Frustrated,,,,,,,,,,,,,,,,,,,,
570,Baseformheadonly,Lumberjack,BTC Cap,Cigar,Runestone Patch,,,,,,,,,,,,,,,,,,,,
571,Baseformheadonly,Aptos Tee,White Hair,Cat Muzzle,Awe,,,,,,,,,,,,,,,,,,,,
572,Baseformheadonly,McOrdinals Polo,Fire Hair,Smiling,Night Vision Goggles,,,,,,,,,,,,,,,,,,,,
573,Baseformheadonly,Kongz Fur,Soldier Helmet,Smiling,Heart,,,,,,,,,,,,,,,,,,,,
574,Baseformheadonly,Fuel Coat,Ronin Cap,Grandpa,NodeRocks Glasses,,,,,,,,,,,,,,,,,,,,
575,Baseformheadonly,Labcoat,Bears Deluxe Ears,Tongue Out,VR Headset,,,,,,,,,,,,,,,,,,,,
576,Baseformnotop,Lumberjack,USB,Ultrasonic,Shocked,,,,,,,,,,,,,,,,,,,,
577,Baseformheadonly,Labcoat,Fire Hair,Angry,Scientist Glasses,,,,,,,,,,,,,,,,,,,,
578,Baseformheadonly,Bitcoin Labcoat,ETH Bandana,Grinning,Duo Color,,,,,,,,,,,,,,,,,,,,
579,Baseformheadonly,Tuxedo,Ronin Cap,Lipless,Goggles,,,,,,,,,,,,,,,,,,,,
580,Baseformheadonly,McOrdinals Polo,Scientist Hair,Tongue Out,Happy,,,,,,,,,,,,,,,,,,,,
581,Baseformheadonly,Kongz Fur,Fire Fighter,Neutral,Happy,,,,,,,,,,,,,,,,,,,,
582,Baseformheadonly,Windbreaker,Rambo Bandana,Terminator,Night Vision Goggles,,,,,,,,,,,,,,,,,,,,
583,Baseformheadonly,Soldier,Fire Hair,Zipped,80s Glasses,,,,,,,,,,,,,,,,,,,,
584,Baseformheadonly,Quantum Cat Coat,Fire Hair,Maniac,Cyber,,,,,,,,,,,,,,,,,,,,
585,Baseformheadonly,Windbreaker,Beret,Bitcoin Puppets Mask,Night Vision Goggles,,,,,,,,,,,,,,,,,,,,
586,Baseformheadonly,Polkadot,Sayajin,Braces,Duo Color,,,,,,,,,,,,,,,,,,,,
587,Baseformheadonly,Parka,NYC Cap,Lipless,Shocked,,,,,,,,,,,,,,,,,,,,
588,Baseformheadonly,Cosmos Tee,Bald,Bitcoin Puppets Mask,Nerd Glasses,,,,,,,,,,,,,,,,,,,,
589,Baseformheadonly,ExO Suit,Fire Fighter,Sighing,80s Glasses,,,,,,,,,,,,,,,,,,,,
590,Baseformheadonly,Kongz Fur,Top Hat,Joker,Silly Glasses,,,,,,,,,,,,,,,,,,,,
591,Baseformheadonly,Kongz Fur,Icy Hair,Joint,Silly Glasses,,,,,,,,,,,,,,,,,,,,
592,Baseformheadonly,Labcoat,Toque,Smiling,Reading Glasses,,,,,,,,,,,,,,,,,,,,
593,Baseformheadonly,Labcoat,ETH Cap,Bitcoin Puppets Mask,NodeRocks Glasses,,,,,,,,,,,,,,,,,,,,
594,Baseformheadonly,Kongz Fur,Red Bandana,Vampire,Night Vision Goggles,,,,,,,,,,,,,,,,,,,,
595,Baseformheadonly,Polkadot,Avalanche Hoodie,Trolling,Neutral,,,,,,,,,,,,,,,,,,,,
596,Baseformheadonly,Parka,ETH Cap,Vomiting,Happy,,,,,,,,,,,,,,,,,,,,
597,Baseformheadonly,Denim Jacket,NYC Cap,Bitcoin Puppets Mask,Sad,,,,,,,,,,,,,,,,,,,,
598,Baseformheadonly,Cosmos Tee,Scientist Hair,Surprised,Wink,,,,,,,,,,,,,,,,,,,,
599,Baseformheadonly,Quantum Cat Coat,ETH Cap,Trolling,Heart,,,,,,,,,,,,,,,,,,,,
600,Baseformheadonly,Royal,Red Bandana,Maniac,80s Glasses,,,,,,,,,,,,,,,,,,,,
601,Baseformheadonly,Parka,BTC Cap,Neutral,Duo Color,,,,,,,,,,,,,,,,,,,,
602,Baseformheadonly,Quantum Cat Coat,Avalanche Hoodie,Joint,Sad,,,,,,,,,,,,,,,,,,,,
603,Baseformheadonly,Labcoat,Soldier Helmet,Joker,Wink,,,,,,,,,,,,,,,,,,,,
604,Baseformnotop,ExO Suit,Braindead,Angry,Cyber,,,,,,,,,,,,,,,,,,,,
605,Baseformheadonly,Mech Fabric,Scientist Hair,Vampire,Ripped,,,,,,,,,,,,,,,,,,,,
606,Baseformheadonly,Kongz Fur,Scientist Hair,Joker,Star,,,,,,,,,,,,,,,,,,,,
607,Baseformheadonly,Labcoat,Toque,Oogaverse Chompers,Night Vision Goggles,,,,,,,,,,,,,,,,,,,,
608,Baseformheadonly,Firefighter,NYC Cap,Gecko,NodeRocks Glasses,,,,,,,,,,,,,,,,,,,,
609,Baseformheadonly,Bitcoin Labcoat,Scientist Hair,Sad,Wink,,,,,,,,,,,,,,,,,,,,
610,Baseformnotop,Bitcoin Labcoat,Braindead,Gecko,Happy,,,,,,,,,,,,,,,,,,,,
611,Baseformheadonly,Tuxedo,Red Bandana,Grinning,Sad,,,,,,,,,,,,,,,,,,,,
612,Baseformnotop,Kongz Fur,Rocket,Grinning,Happy,,,,,,,,,,,,,,,,,,,,
613,Baseformheadonly,Polo,Fire Hair,Hannibal Mask,Reading Glasses,,,,,,,,,,,,,,,,,,,,
614,Baseformheadonly,Aptos Tee,Icy Hair,Lipless,Neutral,,,,,,,,,,,,,,,,,,,,
615,Baseformheadonly,Kongz Fur,Bald,Neutral,Angry,,,,,,,,,,,,,,,,,,,,
616,Baseformheadonly,Polo,Scientist Hair,Sad,Surprised,,,,,,,,,,,,,,,,,,,,
617,Baseformheadonly,Windbreaker,Ordinal Cap,Sad,Annoyed,,,,,,,,,,,,,,,,,,,,
618,Baseformheadonly,TON Tee,Top Hat,Grandpa,Sad,,,,,,,,,,,,,,,,,,,,
619,Baseformheadonly,Firefighter,Top Hat,Gecko,Neutral,,,,,,,,,,,,,,,,,,,,
620,Baseformheadonly,TON Tee,Pepe Cap,Gecko,80s Glasses,,,,,,,,,,,,,,,,,,,,
621,Baseformheadonly,Labcoat,Ordinal Bandana,Tongue Out,Runestone Patch,,,,,,,,,,,,,,,,,,,,
622,Baseformheadonly,Tuxedo,Top Hat,Vomiting,Star,,,,,,,,,,,,,,,,,,,,
623,Baseformheadonly,Disco Suit,White Hair,Trolling,Third Eye,,,,,,,,,,,,,,,,,,,,
624,Baseformheadonly,Casper Blazer,NYC Cap,Zipped,Neutral,,,,,,,,,,,,,,,,,,,,
625,Baseformheadonly,Royal,ETH Cap,Cigar,Neutral,,,,,,,,,,,,,,,,,,,,
626,Baseformheadonly,Labcoat Bright,BTC Bandana,Bitcoin Puppets Mask,Cyber,,,,,,,,,,,,,,,,,,,,
627,Baseformheadonly,Labcoat,Pepe Cap,Grandpa,Night Vision Goggles,,,,,,,,,,,,,,,,,,,,
628,Baseformheadonly,Denim Jacket,Ordinal Cap,Sighing,Reading Glasses,,,,,,,,,,,,,,,,,,,,
629,Baseformheadonly,Labcoat,Hoodie,Neutral,Star,,,,,,,,,,,,,,,,,,,,
630,Baseformheadonly,Kongz Fur,NYC Cap,Oogaverse Chompers,Heart Glasses,,,,,,,,,,,,,,,,,,,,
631,Baseformheadonly,Windbreaker,Fire Hair,Hannibal Mask,Wink,,,,,,,,,,,,,,,,,,,,
632,Baseformheadonly,Cosmos Tee,ETH Bandana,Vampire,Reading Glasses,,,,,,,,,,,,,,,,,,,,
633,Baseformnotop,Windbreaker,Braindead,Hannibal Mask,Sunglasses,,,,,,,,,,,,,,,,,,,,
634,Baseformheadonly,Kongz Fur,Bears Deluxe Ears,Sighing,Sunglasses,,,,,,,,,,,,,,,,,,,,
635,Baseformnotop,Denim Jacket,USB,Sighing,3D Glasses,,,,,,,,,,,,,,,,,,,,
636,Baseformheadonly,Lumberjack,BTC Bandana,Trolling,Happy,,,,,,,,,,,,,,,,,,,,
637,Baseformheadonly,Ronin Jacket,Soldier Helmet,Gecko,80s Glasses,,,,,,,,,,,,,,,,,,,,
638,Clonesbaseformheadonly,Labcoat,Hoodie,Cigar,Annoyed,,,,,,,,,,,,,,,,,,,,
639,Baseformheadonly,Denim Jacket,Scientist Hair,Joint,Night Vision Goggles,,,,,,,,,,,,,,,,,,,,
640,Baseformheadonly,Aptos Tee,White Hair,Joint,Duo Color,,,,,,,,,,,,,,,,,,,,
641,Baseformheadonly,Lumberjack,Bald,Tongue Out,Star,,,,,,,,,,,,,,,,,,,,
642,Baseformheadonly,Cosmos Tee,Ordinal Cap,Trolling,Monocycle,,,,,,,,,,,,,,,,,,,,
643,Baseformnotop,Soldier,Braindead,Surprised,Awe,,,,,,,,,,,,,,,,,,,,
644,Baseformheadonly,Kongz Fur,BTC Bandana,Cat Muzzle,Sunglasses,,,,,,,,,,,,,,,,,,,,
645,Baseformheadonly,Labcoat,Hoodie,Angry,Reading Glasses,,,,,,,,,,,,,,,,,,,,
646,Baseformheadonly,Labcoat,Scientist Hair,Cigar,Star,,,,,,,,,,,,,,,,,,,,
647,Baseformheadonly,McOrdinals Polo,Sayajin,Neutral,Heart Glasses,,,,,,,,,,,,,,,,,,,,
648,Baseformnotop,Tuxedo,USB,Cigar,Awe,,,,,,,,,,,,,,,,,,,,
649,Baseformnotop,Kongz Fur,Braindead,Joker,Surprised,,,,,,,,,,,,,,,,,,,,
650,Baseformheadonly,Mech Fabric,Ordinal Cap,Joint,Shocked,,,,,,,,,,,,,,,,,,,,
651,Baseformheadonly,Parka,Ordinal Bandana,Vampire,NodeRocks Glasses,,,,,,,,,,,,,,,,,,,,
652,Baseformheadonly,Mech Fabric,ETH Cap,Terminator,Neutral,,,,,,,,,,,,,,,,,,,,
653,Baseformheadonly,Cosmos Tee,Scientist Hair,Terminator,Heart,,,,,,,,,,,,,,,,,,,,
654,Baseformheadonly,Ronin Jacket,Soldier Helmet,Braces,Duo Color,,,,,,,,,,,,,,,,,,,,
655,Baseformheadonly,Labcoat,Bears Deluxe Ears,Sad,Reading Glasses,,,,,,,,,,,,,,,,,,,,
656,Baseformheadonly,Cosmos Tee,Fire Hair,Golden Teeth,Shocked,,,,,,,,,,,,,,,,,,,,
657,Baseformheadonly,Parka,ETH Bandana,Cigar,Surprised,,,,,,,,,,,,,,,,,,,,
658,Baseformheadonly,Lumberjack,Bald,Cat Muzzle,Reading Glasses,,,,,,,,,,,,,,,,,,,,
659,Baseformheadonly,Labcoat Bright,Scientist Hair,Cigar,Confused,,,,,,,,,,,,,,,,,,,,
660,Baseformheadonly,Cosmos Tee,Top Hat,Smiling,Reading Glasses,,,,,,,,,,,,,,,,,,,,
661,Baseformheadonly,Ronin Jacket,Rambo Bandana,Ultrasonic,Cyber,,,,,,,,,,,,,,,,,,,,
662,Baseformheadonly,Aptos Tee,Crown,Sad,Annoyed,,,,,,,,,,,,,,,,,,,,
663,Baseformheadonly,Cosmos Tee,ETH Bandana,Golden Teeth,Surprised,,,,,,,,,,,,,,,,,,,,
664,Baseformheadonly,Royal,Fire Fighter,Zipped,Nerd Glasses,,,,,,,,,,,,,,,,,,,,
665,Baseformheadonly,Polkadot,Beret,Joint,Confused,,,,,,,,,,,,,,,,,,,,
666,Baseformheadonly,Quantum Cat Coat,Avalanche Hoodie,Joint,Sad,,,,,,,,,,,,,,,,,,,,
667,Baseformheadonly,Kongz Fur,Bald,Gecko,Shocked,,,,,,,,,,,,,,,,,,,,
668,Baseformheadonly,Polo,Ordinal Bandana,Zipped,Silly Glasses,,,,,,,,,,,,,,,,,,,,
669,Baseformheadonly,Labcoat,ETH Bandana,Braces,Neutral,,,,,,,,,,,,,,,,,,,,
670,Baseformheadonly,Ronin Jacket,Pepe Cap,Sad,Reading Glasses,,,,,,,,,,,,,,,,,,,,
671,Baseformheadonly,Windbreaker,Scientist Hair,Braces,Ripped,,,,,,,,,,,,,,,,,,,,
672,Baseformheadonly,Royal,Bald,Oogaverse Chompers,Silly Glasses,,,,,,,,,,,,,,,,,,,,
673,Baseformheadonly,Quantum Cat Coat,Ronin Cap,Grandpa,Scientist Glasses,,,,,,,,,,,,,,,,,,,,
674,Baseformheadonly,Casper Blazer,BTC Bandana,Joker,Frustrated,,,,,,,,,,,,,,,,,,,,
675,Baseformheadonly,Labcoat Bright,Black Hair,Cat Muzzle,80s Glasses,,,,,,,,,,,,,,,,,,,,
676,Baseformheadonly,Mech Fabric,NYC Cap,Cigar,Neutral,,,,,,,,,,,,,,,,,,,,
677,Baseformheadonly,Quantum Cat Coat,Ronin Cap,Ultrasonic,Scientist Glasses,,,,,,,,,,,,,,,,,,,,
678,Clonesbaseformheadonly,Labcoat Bright,Crown,Shocked,Sad,,,,,,,,,,,,,,,,,,,,
679,Baseformheadonly,Bitcoin Labcoat,BTC Cap,Sighing,Heart,,,,,,,,,,,,,,,,,,,,
680,Baseformheadonly,Lumberjack,NYC Cap,Angry,Night Vision Goggles,,,,,,,,,,,,,,,,,,,,
681,Baseformheadonly,Casper Blazer,White Hair,Braces,Nerd Glasses,,,,,,,,,,,,,,,,,,,,
682,Baseformheadonly,TON Tee,Avalanche Hoodie,Neutral,Star,,,,,,,,,,,,,,,,,,,,
683,Baseformheadonly,Labcoat,Helmet,Tongue Out,Star,,,,,,,,,,,,,,,,,,,,
684,Baseformheadonly,Aptos Tee,ETH Bandana,Gecko,Angry,,,,,,,,,,,,,,,,,,,,
685,Baseformheadonly,Disco Suit,Bears Deluxe Ears,Joker,Sunglasses,,,,,,,,,,,,,,,,,,,,
686,Baseformheadonly,Street Rat Vest,Ordinal Cap,Smiling,Frustrated,,,,,,,,,,,,,,,,,,,,
687,Baseformheadonly,Polkadot,Icy Hair,Grandpa,Happy,,,,,,,,,,,,,,,,,,,,
688,Baseformheadonly,Street Rat Vest,Pepe Cap,Joint,Annoyed,,,,,,,,,,,,,,,,,,,,
689,Baseformheadonly,Leather Jacket,Ordinal Bandana,Hannibal Mask,Ripped,,,,,,,,,,,,,,,,,,,,
690,Baseformheadonly,Aptos Tee,Beret,Smiling,Scientist Glasses,,,,,,,,,,,,,,,,,,,,
691,Baseformheadonly,Soldier,Scientist Hair,Shocked,Laser,,,,,,,,,,,,,,,,,,,,
692,Baseformheadonly,Casper Blazer,NYC Cap,Neutral,Laser,,,,,,,,,,,,,,,,,,,,
693,Baseformheadonly,Labcoat Bright,Beret,Trolling,Heart,,,,,,,,,,,,,,,,,,,,
694,Baseformheadonly,Labcoat,Ronin Cap,Tongue Out,Nerd Glasses,,,,,,,,,,,,,,,,,,,,
695,Baseformheadonly,Labcoat,Black Hair,Shocked,Third Eye,,,,,,,,,,,,,,,,,,,,
696,Baseformheadonly,Leather Jacket,Toque,Braces,Frustrated,,,,,,,,,,,,,,,,,,,,
697,Baseformheadonly,Ronin Jacket,Helmet,Braces,Annoyed,,,,,,,,,,,,,,,,,,,,
698,Baseformheadonly,Leather Jacket,BTC Bandana,Neutral,Sad,,,,,,,,,,,,,,,,,,,,
699,Baseformheadonly,Polo,Bald,Vomiting,Neutral,,,,,,,,,,,,,,,,,,,,
700,Baseformheadonly,Disco Suit,Toque,Joint,Reading Glasses,,,,,,,,,,,,,,,,,,,,
701,Baseformheadonly,TON Tee,Bald,Sighing,Wink,,,,,,,,,,,,,,,,,,,,
702,Baseformheadonly,Disco Suit,Pepe Cap,Golden Teeth,Neutral,,,,,,,,,,,,,,,,,,,,
703,Baseformheadonly,Labcoat,ETH Bandana,Gecko,Confused,,,,,,,,,,,,,,,,,,,,
704,Baseformheadonly,Labcoat,Ordinal Cap,Zipped,Reading Glasses,,,,,,,,,,,,,,,,,,,,
705,Baseformnotop,Kongz Fur,USB,Golden Teeth,Wink,,,,,,,,,,,,,,,,,,,,
706,Baseformheadonly,Aptos Tee,Pepe Cap,Trolling,Neutral,,,,,,,,,,,,,,,,,,,,
707,Baseformheadonly,Solana Tank Top,ETH Bandana,Sighing,Runestone Patch,,,,,,,,,,,,,,,,,,,,
708,Baseformnotop,Street Rat Vest,Krownless,Maniac,NodeRocks Glasses,,,,,,,,,,,,,,,,,,,,
709,Baseformheadonly,Aptos Tee,Sayajin,Cat Muzzle,Star,,,,,,,,,,,,,,,,,,,,
710,Clonesbaseformheadonly,ExO Suit,Red Bandana,Joint,Cyber,,,,,,,,,,,,,,,,,,,,
711,Baseformheadonly,Ronin Jacket,Top Hat,Grandpa,Third Eye,,,,,,,,,,,,,,,,,,,,
712,Baseformheadonly,Ronin Jacket,Bald,Smiling,Neutral,,,,,,,,,,,,,,,,,,,,
713,Baseformheadonly,Quantum Cat Coat,Helmet,Angry,Happy,,,,,,,,,,,,,,,,,,,,
714,Baseformheadonly,Polkadot,Avalanche Hoodie,Trolling,Neutral,,,,,,,,,,,,,,,,,,,,
715,Baseformheadonly,Labcoat,Hoodie,Zipped,Frustrated,,,,,,,,,,,,,,,,,,,,
716,Baseformheadonly,Kongz Fur,Scientist Hair,Vampire,Neutral,,,,,,,,,,,,,,,,,,,,
717,Baseformheadonly,Bitcoin Labcoat,Crown,Joint,Nerd Glasses,,,,,,,,,,,,,,,,,,,,
718,Baseformheadonly,Parka,BTC Cap,Tongue Out,Happy,,,,,,,,,,,,,,,,,,,,
719,Baseformheadonly,Solana Tank Top,Scientist Hair,Oogaverse Chompers,Heart Glasses,,,,,,,,,,,,,,,,,,,,
720,Baseformheadonly,Aptos Tee,Fire Hair,Neutral,Star,,,,,,,,,,,,,,,,,,,,
721,Baseformheadonly,TON Tee,Beret,Oogaverse Chompers,Insane,,,,,,,,,,,,,,,,,,,,
722,Baseformheadonly,Tuxedo,Ordinal Cap,Trolling,Nerd Glasses,,,,,,,,,,,,,,,,,,,,
723,Baseformheadonly,Polo,Beret,Vampire,Neutral,,,,,,,,,,,,,,,,,,,,
724,Baseformheadonly,Fuel Coat,Ordinal Cap,Cigar,Goggles,,,,,,,,,,,,,,,,,,,,
725,Baseformheadonly,TON Tee,Red Bandana,Vomiting,Nerd Glasses,,,,,,,,,,,,,,,,,,,,
726,Baseformheadonly,Tuxedo,Ordinal Cap,Smiling,Sad,,,,,,,,,,,,,,,,,,,,
727,Baseformheadonly,Solana Tank Top,Pepe Cap,Tongue Out,Frustrated,,,,,,,,,,,,,,,,,,,,
728,Baseformheadonly,Ronin Jacket,Bald,Monster Grin,Sunglasses,,,,,,,,,,,,,,,,,,,,
729,Baseformheadonly,Labcoat,Fire Hair,Gecko,Monocycle,,,,,,,,,,,,,,,,,,,,
730,Baseformheadonly,Denim Jacket,NYC Cap,Smiling,Possessed,,,,,,,,,,,,,,,,,,,,
731,Baseformheadonly,Labcoat,Beret,Vampire,Goggles,,,,,,,,,,,,,,,,,,,,
732,Baseformheadonly,TON Tee,Pepe Cap,Cat Muzzle,Wink,,,,,,,,,,,,,,,,,,,,
733,Baseformheadonly,ExO Suit,Black Hair,Ultrasonic,Frustrated,,,,,,,,,,,,,,,,,,,,
734,Baseformheadonly,Labcoat,Hoodie,Joker,Shocked,,,,,,,,,,,,,,,,,,,,
735,Baseformheadonly,ExO Suit,Icy Hair,Neutral,Third Eye,,,,,,,,,,,,,,,,,,,,
736,Baseformheadonly,Polo,Bears Deluxe Ears,Angry,VR Headset,,,,,,,,,,,,,,,,,,,,
737,Baseformheadonly,Aptos Tee,White Hair,Oogaverse Chompers,Ripped,,,,,,,,,,,,,,,,,,,,
738,Baseformheadonly,Parka,Red Bandana,Trolling,Neutral,,,,,,,,,,,,,,,,,,,,
739,Baseformheadonly,Parka,Sayajin,Smiling,Wink,,,,,,,,,,,,,,,,,,,,
740,Baseformheadonly,Labcoat,Rambo Bandana,Braces,NodeRocks Glasses,,,,,,,,,,,,,,,,,,,,
741,Baseformheadonly,Ronin Jacket,Bald,Surprised,Star,,,,,,,,,,,,,,,,,,,,
742,Baseformheadonly,Polkadot,Ordinal Bandana,Lipless,Sad,,,,,,,,,,,,,,,,,,,,
743,Baseformheadonly,Polo,Ronin Cap,Bitcoin Puppets Mask,Monocycle,,,,,,,,,,,,,,,,,,,,
744,Baseformheadonly,Casper Blazer,Sayajin,Sighing,Insane,,,,,,,,,,,,,,,,,,,,
745,Baseformheadonly,Quantum Cat Coat,Crown,Vampire,Laser,,,,,,,,,,,,,,,,,,,,
746,Baseformheadonly,Aptos Tee,BTC Cap,Sighing,Surprised,,,,,,,,,,,,,,,,,,,,
747,Baseformheadonly,Leather Jacket,Rambo Bandana,Joint,Neutral,,,,,,,,,,,,,,,,,,,,
748,Baseformheadonly,Bitcoin Labcoat,Helmet,Sad,Sad,,,,,,,,,,,,,,,,,,,,
749,Baseformheadonly,Mech Fabric,Toque,Lipless,Heart,,,,,,,,,,,,,,,,,,,,
750,Baseformheadonly,Kongz Fur,Bald,Vomiting,Surprised,,,,,,,,,,,,,,,,,,,,
751,Baseformheadonly,Labcoat,Fire Fighter,Neutral,Sunglasses,,,,,,,,,,,,,,,,,,,,
752,Baseformheadonly,Denim Jacket,Icy Hair,Cat Muzzle,Nerd Glasses,,,,,,,,,,,,,,,,,,,,
753,Baseformheadonly,Labcoat Bright,Bears Deluxe Ears,Gecko,Ripped,,,,,,,,,,,,,,,,,,,,
754,Baseformheadonly,Labcoat,Bald,Sighing,Ripped,,,,,,,,,,,,,,,,,,,,
755,Baseformheadonly,Leather Jacket,Pepe Cap,Joker,Possessed,,,,,,,,,,,,,,,,,,,,
756,Baseformheadonly,Disco Suit,Bears Deluxe Ears,Shocked,Night Vision Goggles,,,,,,,,,,,,,,,,,,,,
757,Baseformheadonly,Labcoat Bright,Bears Deluxe Ears,Oogaverse Chompers,Frustrated,,,,,,,,,,,,,,,,,,,,
758,Baseformheadonly,Labcoat,Avalanche Hoodie,Braces,Frustrated,,,,,,,,,,,,,,,,,,,,
759,Baseformheadonly,Denim Jacket,Crown,Neutral,Sad,,,,,,,,,,,,,,,,,,,,
760,Baseformheadonly,Parka,Scientist Hair,Joint,80s Glasses,,,,,,,,,,,,,,,,,,,,
761,Baseformheadonly,Tuxedo,Ordinal Cap,Golden Teeth,Sunglasses,,,,,,,,,,,,,,,,,,,,
762,Baseformheadonly,Kongz Fur,Soldier Helmet,Neutral,Neutral,,,,,,,,,,,,,,,,,,,,
763,Clonesbaseformheadonly,Bitcoin Labcoat,Rambo Bandana,Golden Teeth,Surprised,,,,,,,,,,,,,,,,,,,,
764,Baseformheadonly,Fuel Coat,Bears Deluxe Ears,Oogaverse Chompers,Heart Glasses,,,,,,,,,,,,,,,,,,,,
765,Baseformheadonly,McOrdinals Polo,Bald,Vampire,Sunglasses,,,,,,,,,,,,,,,,,,,,
766,Baseformheadonly,Cosmos Tee,Bald,Oogaverse Chompers,NodeRocks Glasses,,,,,,,,,,,,,,,,,,,,
767,Baseformheadonly,Fuel Coat,NYC Cap,Monster Grin,Reading Glasses,,,,,,,,,,,,,,,,,,,,
768,Baseformnotop,Leather Jacket,USB,Hannibal Mask,Annoyed,,,,,,,,,,,,,,,,,,,,
769,Baseformheadonly,Firefighter,Icy Hair,Braces,Night Vision Goggles,,,,,,,,,,,,,,,,,,,,
770,Clonesbaseformheadonly,Quantum Cat Coat,Red Bandana,Sighing,3D Glasses,,,,,,,,,,,,,,,,,,,,
771,Baseformheadonly,Ronin Jacket,BTC Cap,Zipped,Surprised,,,,,,,,,,,,,,,,,,,,
772,Baseformheadonly,Labcoat,Hoodie,Braces,Annoyed,,,,,,,,,,,,,,,,,,,,
773,Baseformheadonly,McOrdinals Polo,BTC Bandana,Shocked,Insane,,,,,,,,,,,,,,,,,,,,
774,Baseformheadonly,Polo,Fire Fighter,Grinning,Angry,,,,,,,,,,,,,,,,,,,,
775,Baseformheadonly,Parka,Scientist Hair,Joint,80s Glasses,,,,,,,,,,,,,,,,,,,,
776,Baseformheadonly,Labcoat,Black Hair,Grinning,Sunglasses,,,,,,,,,,,,,,,,,,,,
777,Baseformheadonly,Disco Suit,Crown,Golden Teeth,Ripped,,,,,,,,,,,,,,,,,,,,
778,Baseformheadonly,TON Tee,ETH Cap,Angry,Duo Color,,,,,,,,,,,,,,,,,,,,
779,Baseformheadonly,Aptos Tee,Black Hair,Angry,Annoyed,,,,,,,,,,,,,,,,,,,,
780,Baseformheadonly,Tuxedo,Top Hat,Cat Muzzle,Awe,,,,,,,,,,,,,,,,,,,,
781,Baseformheadonly,Aptos Tee,ETH Cap,Braces,Sad,,,,,,,,,,,,,,,,,,,,
782,Baseformheadonly,Ronin Jacket,Helmet,Cigar,Monocycle,,,,,,,,,,,,,,,,,,,,
783,Baseformheadonly,Solana Tank Top,Scientist Hair,Ultrasonic,Wink,,,,,,,,,,,,,,,,,,,,
784,Baseformheadonly,Soldier,Beret,Monster Grin,Night Vision Goggles,,,,,,,,,,,,,,,,,,,,
785,Baseformheadonly,Solana Tank Top,Bears Deluxe Ears,Braces,Sad,,,,,,,,,,,,,,,,,,,,
786,Baseformheadonly,Bitcoin Labcoat,Scientist Hair,Zipped,Heart,,,,,,,,,,,,,,,,,,,,
787,Clonesbaseformheadonly,Labcoat,Avalanche Hoodie,Angry,VR Headset,,,,,,,,,,,,,,,,,,,,
788,Baseformheadonly,Labcoat,Bald,Smiling,Awe,,,,,,,,,,,,,,,,,,,,
789,Baseformheadonly,Windbreaker,Ronin Cap,Surprised,Annoyed,,,,,,,,,,,,,,,,,,,,
790,Baseformheadonly,Labcoat,Fire Hair,Zipped,Surprised,,,,,,,,,,,,,,,,,,,,
791,Baseformheadonly,Casper Blazer,ETH Bandana,Sad,Runestone Patch,,,,,,,,,,,,,,,,,,,,
792,Baseformheadonly,Polkadot,Pepe Cap,Monster Grin,Reading Glasses,,,,,,,,,,,,,,,,,,,,
793,Baseformheadonly,Labcoat,Scientist Hair,Sighing,Happy,,,,,,,,,,,,,,,,,,,,
794,Baseformheadonly,TON Tee,ETH Cap,Zipped,Nerd Glasses,,,,,,,,,,,,,,,,,,,,
795,Baseformheadonly,TON Tee,Soldier Helmet,Angry,Insane,,,,,,,,,,,,,,,,,,,,
796,Baseformheadonly,Polo,Toque,Joint,3D Glasses,,,,,,,,,,,,,,,,,,,,
797,Baseformheadonly,McOrdinals Polo,McOrdinals Cap,Sad,3D Glasses,,,,,,,,,,,,,,,,,,,,
798,Baseformheadonly,TON Tee,Rambo Bandana,Tongue Out,Nerd Glasses,,,,,,,,,,,,,,,,,,,,
799,Baseformheadonly,Polkadot,Ordinal Cap,Smiling,Sunglasses,,,,,,,,,,,,,,,,,,,,
800,Baseformheadonly,Soldier,Toque,Hannibal Mask,Angry,,,,,,,,,,,,,,,,,,,,
801,Baseformheadonly,Polo,Ordinal Cap,Oogaverse Chompers,Heart,,,,,,,,,,,,,,,,,,,,
802,Baseformheadonly,Tuxedo,Avalanche Hoodie,Joint,Reading Glasses,,,,,,,,,,,,,,,,,,,,
803,Baseformheadonly,Denim Jacket,Black Hair,Terminator,80s Glasses,,,,,,,,,,,,,,,,,,,,
804,Baseformheadonly,Quantum Cat Coat,Black Hair,Trolling,Heart Glasses,,,,,,,,,,,,,,,,,,,,
805,Baseformheadonly,McOrdinals Polo,Bald,Bitcoin Puppets Mask,Insane,,,,,,,,,,,,,,,,,,,,
806,Baseformheadonly,Polkadot,Avalanche Hoodie,Grinning,Cyber,,,,,,,,,,,,,,,,,,,,
807,Baseformheadonly,Tuxedo,BTC Cap,Braces,Cyber,,,,,,,,,,,,,,,,,,,,
808,Baseformheadonly,Tuxedo,Pepe Cap,Shocked,Reading Glasses,,,,,,,,,,,,,,,,,,,,
809,Baseformheadonly,ExO Suit,McOrdinals Cap,Joker,Reading Glasses,,,,,,,,,,,,,,,,,,,,
810,Baseformheadonly,Solana Tank Top,Black Hair,Neutral,Shocked,,,,,,,,,,,,,,,,,,,,
811,Baseformnotop,Quantum Cat Coat,Rocket,Zipped,Night Vision Goggles,,,,,,,,,,,,,,,,,,,,
812,Baseformheadonly,TON Tee,Top Hat,Oogaverse Chompers,Wink,,,,,,,,,,,,,,,,,,,,
813,Baseformheadonly,ExO Suit,Ronin Cap,Vampire,Neutral,,,,,,,,,,,,,,,,,,,,
814,Clonesbaseformheadonly,Labcoat Bright,BTC Cap,Golden Teeth,Third Eye,,,,,,,,,,,,,,,,,,,,
815,Baseformheadonly,Aptos Tee,BTC Cap,Joint,Frustrated,,,,,,,,,,,,,,,,,,,,
816,Baseformheadonly,Polkadot,Bald,Surprised,Confused,,,,,,,,,,,,,,,,,,,,
817,Baseformheadonly,Labcoat,Avalanche Hoodie,Maniac,Duo Color,,,,,,,,,,,,,,,,,,,,
818,Baseformnotop,Windbreaker,Braindead,Cat Muzzle,Wink,,,,,,,,,,,,,,,,,,,,
819,Baseformheadonly,Polo,Bears Deluxe Ears,Angry,Goggles,,,,,,,,,,,,,,,,,,,,
820,Baseformheadonly,Firefighter,BTC Bandana,Angry,Neutral,,,,,,,,,,,,,,,,,,,,
821,Baseformheadonly,Labcoat,Scientist Hair,Joint,Heart,,,,,,,,,,,,,,,,,,,,
822,Baseformheadonly,Kongz Fur,McOrdinals Cap,Cigar,Annoyed,,,,,,,,,,,,,,,,,,,,
823,Baseformheadonly,Quantum Cat Coat,Bald,Bitcoin Puppets Mask,Star,,,,,,,,,,,,,,,,,,,,
824,Baseformnotop,Denim Jacket,Braindead,Sighing,Annoyed,,,,,,,,,,,,,,,,,,,,
825,Baseformheadonly,McOrdinals Polo,Red Bandana,Joint,Night Vision Goggles,,,,,,,,,,,,,,,,,,,,
826,Baseformheadonly,Soldier,Icy Hair,Trolling,Heart,,,,,,,,,,,,,,,,,,,,
827,Baseformheadonly,Labcoat,BTC Bandana,Neutral,Reading Glasses,,,,,,,,,,,,,,,,,,,,
828,Baseformheadonly,Polkadot,BTC Bandana,Gecko,Sunglasses,,,,,,,,,,,,,,,,,,,,
829,Baseformheadonly,Aptos Tee,Scientist Hair,Grandpa,Heart,,,,,,,,,,,,,,,,,,,,
830,Baseformheadonly,Labcoat,ETH Bandana,Terminator,Insane,,,,,,,,,,,,,,,,,,,,
831,Baseformheadonly,Polkadot,ETH Cap,Lipless,NodeRocks Glasses,,,,,,,,,,,,,,,,,,,,
832,Baseformheadonly,Mech Fabric,Ordinal Cap,Lipless,Wink,,,,,,,,,,,,,,,,,,,,
833,Baseformheadonly,Labcoat,Ordinal Bandana,Grandpa,80s Glasses,,,,,,,,,,,,,,,,,,,,
834,Baseformheadonly,Denim Jacket,Scientist Hair,Surprised,Angry,,,,,,,,,,,,,,,,,,,,
835,Baseformheadonly,Royal,Scientist Hair,Sighing,Runestone Patch,,,,,,,,,,,,,,,,,,,,
836,Baseformheadonly,Polo,McOrdinals Cap,Hannibal Mask,Neutral,,,,,,,,,,,,,,,,,,,,
837,Baseformheadonly,Cosmos Tee,Ronin Cap,Sad,Annoyed,,,,,,,,,,,,,,,,,,,,
838,Baseformheadonly,Polkadot,Soldier Helmet,Sad,Frustrated,,,,,,,,,,,,,,,,,,,,
839,Baseformheadonly,Labcoat,ETH Cap,Neutral,Third Eye,,,,,,,,,,,,,,,,,,,,
840,Baseformheadonly,Quantum Cat Coat,ETH Cap,Bitcoin Puppets Mask,Heart Glasses,,,,,,,,,,,,,,,,,,,,
841,Baseformheadonly,Bitcoin Labcoat,Scientist Hair,Smiling,Neutral,,,,,,,,,,,,,,,,,,,,
842,Baseformheadonly,TON Tee,Scientist Hair,Gecko,Awe,,,,,,,,,,,,,,,,,,,,
843,Baseformheadonly,Solana Tank Top,BTC Cap,Vomiting,Silly Glasses,,,,,,,,,,,,,,,,,,,,
844,Baseformheadonly,Labcoat,Soldier Helmet,Golden Teeth,Frustrated,,,,,,,,,,,,,,,,,,,,
845,Baseformheadonly,Labcoat,Ordinal Bandana,Smiling,Scientist Glasses,,,,,,,,,,,,,,,,,,,,
846,Baseformheadonly,Parka,Icy Hair,Terminator,Heart,,,,,,,,,,,,,,,,,,,,
847,Baseformheadonly,Polo,McOrdinals Cap,Angry,Nerd Glasses,,,,,,,,,,,,,,,,,,,,
848,Baseformheadonly,Labcoat,Soldier Helmet,Hannibal Mask,Annoyed,,,,,,,,,,,,,,,,,,,,
849,Baseformheadonly,Labcoat,Rambo Bandana,Surprised,Ripped,,,,,,,,,,,,,,,,,,,,
850,Baseformheadonly,Labcoat,Crown,Tongue Out,Neutral,,,,,,,,,,,,,,,,,,,,
851,Baseformheadonly,Labcoat,Toque,Tongue Out,3D Glasses,,,,,,,,,,,,,,,,,,,,
852,Baseformheadonly,Labcoat,Hoodie,Terminator,Cyber,,,,,,,,,,,,,,,,,,,,
853,Baseformheadonly,Labcoat,BTC Cap,Tongue Out,Neutral,,,,,,,,,,,,,,,,,,,,
854,Baseformheadonly,Kongz Fur,Black Hair,Oogaverse Chompers,Annoyed,,,,,,,,,,,,,,,,,,,,
855,Baseformheadonly,Leather Jacket,ETH Cap,Hannibal Mask,Cyber,,,,,,,,,,,,,,,,,,,,
856,Baseformheadonly,Labcoat,Hoodie,Sighing,Monocycle,,,,,,,,,,,,,,,,,,,,
857,Baseformheadonly,Polkadot,Beret,Braces,Awe,,,,,,,,,,,,,,,,,,,,
858,Baseformheadonly,ExO Suit,McOrdinals Cap,Vampire,3D Glasses,,,,,,,,,,,,,,,,,,,,
859,Baseformheadonly,Kongz Fur,Scientist Hair,Sad,Reading Glasses,,,,,,,,,,,,,,,,,,,,
860,Baseformheadonly,Aptos Tee,Ronin Cap,Bitcoin Puppets Mask,Shocked,,,,,,,,,,,,,,,,,,,,
861,Baseformheadonly,Mech Fabric,Ordinal Cap,Cigar,Reading Glasses,,,,,,,,,,,,,,,,,,,,
862,Baseformheadonly,Firefighter,Sayajin,Trolling,Scientist Glasses,,,,,,,,,,,,,,,,,,,,
863,Baseformnotop,TON Tee,USB,Smiling,Nerd Glasses,,,,,,,,,,,,,,,,,,,,
864,Baseformheadonly,Fuel Coat,Toque,Shocked,Neutral,,,,,,,,,,,,,,,,,,,,
865,Baseformheadonly,Polo,Sayajin,Grandpa,Sunglasses,,,,,,,,,,,,,,,,,,,,
866,Baseformheadonly,Kongz Fur,NYC Cap,Neutral,Ripped,,,,,,,,,,,,,,,,,,,,
867,Baseformheadonly,Soldier,Icy Hair,Sad,Wink,,,,,,,,,,,,,,,,,,,,
868,Baseformheadonly,Quantum Cat Coat,Crown,Vampire,Laser,,,,,,,,,,,,,,,,,,,,
869,Baseformheadonly,Street Rat Vest,Ronin Cap,Trolling,Third Eye,,,,,,,,,,,,,,,,,,,,
870,Baseformnotop,TON Tee,Braindead,Oogaverse Chompers,VR Headset,,,,,,,,,,,,,,,,,,,,
871,Baseformnotop,Quantum Cat Coat,Krownless,Shocked,VR Headset,,,,,,,,,,,,,,,,,,,,
872,Baseformheadonly,Parka,Bald,Cigar,Scientist Glasses,,,,,,,,,,,,,,,,,,,,
873,Baseformheadonly,Street Rat Vest,Top Hat,Shocked,Wink,,,,,,,,,,,,,,,,,,,,
874,Baseformheadonly,Fuel Coat,Helmet,Trolling,Cyber,,,,,,,,,,,,,,,,,,,,
875,Baseformheadonly,Kongz Fur,BTC Bandana,Braces,Surprised,,,,,,,,,,,,,,,,,,,,
876,Baseformheadonly,Disco Suit,ETH Bandana,Shocked,Ripped,,,,,,,,,,,,,,,,,,,,
877,Baseformheadonly,Labcoat Bright,Fire Hair,Monster Grin,Neutral,,,,,,,,,,,,,,,,,,,,
878,Baseformheadonly,Bitcoin Labcoat,NYC Cap,Trolling,Goggles,,,,,,,,,,,,,,,,,,,,
879,Baseformheadonly,Aptos Tee,Sayajin,Grandpa,NodeRocks Glasses,,,,,,,,,,,,,,,,,,,,
880,Baseformheadonly,Lumberjack,Pepe Cap,Neutral,Scientist Glasses,,,,,,,,,,,,,,,,,,,,
881,Baseformheadonly,Labcoat,BTC Cap,Cigar,Heart,,,,,,,,,,,,,,,,,,,,
882,Baseformheadonly,Leather Jacket,ETH Cap,Trolling,Awe,,,,,,,,,,,,,,,,,,,,
883,Baseformheadonly,Cosmos Tee,Red Bandana,Vampire,Insane,,,,,,,,,,,,,,,,,,,,
884,Baseformheadonly,TON Tee,Sayajin,Joker,Third Eye,,,,,,,,,,,,,,,,,,,,
885,Baseformheadonly,Tuxedo,BTC Cap,Surprised,Runestone Patch,,,,,,,,,,,,,,,,,,,,
886,Baseformheadonly,Aptos Tee,BTC Bandana,Tongue Out,Heart Glasses,,,,,,,,,,,,,,,,,,,,
887,Baseformheadonly,Polkadot,Bears Deluxe Ears,Angry,Frustrated,,,,,,,,,,,,,,,,,,,,
888,Baseformheadonly,Labcoat,Icy Hair,Joint,Nerd Glasses,,,,,,,,,,,,,,,,,,,,
889,Baseformheadonly,Firefighter,ETH Cap,Gecko,Frustrated,,,,,,,,,,,,,,,,,,,,
890,Baseformheadonly,ExO Suit,BTC Cap,Smiling,Confused,,,,,,,,,,,,,,,,,,,,
891,Baseformheadonly,Royal,Sayajin,Angry,Neutral,,,,,,,,,,,,,,,,,,,,
892,Baseformheadonly,Royal,White Hair,Vampire,Monocycle,,,,,,,,,,,,,,,,,,,,
893,Baseformnotop,Mech Fabric,Braindead,Oogaverse Chompers,Surprised,,,,,,,,,,,,,,,,,,,,
894,Baseformheadonly,Fuel Coat,Ordinal Bandana,Angry,Star,,,,,,,,,,,,,,,,,,,,
895,Baseformheadonly,Quantum Cat Coat,Icy Hair,Monster Grin,Angry,,,,,,,,,,,,,,,,,,,,
896,Baseformheadonly,Street Rat Vest,Scientist Hair,Hannibal Mask,Awe,,,,,,,,,,,,,,,,,,,,
897,Baseformheadonly,Casper Blazer,White Hair,Bitcoin Puppets Mask,3D Glasses,,,,,,,,,,,,,,,,,,,,
898,Baseformheadonly,Ronin Jacket,Ordinal Cap,Joker,Shocked,,,,,,,,,,,,,,,,,,,,
899,Baseformnotop,Tuxedo,Rocket,Braces,Happy,,,,,,,,,,,,,,,,,,,,
900,Baseformheadonly,Cosmos Tee,Sayajin,Sad,Sunglasses,,,,,,,,,,,,,,,,,,,,
901,Baseformheadonly,Windbreaker,Scientist Hair,Braces,Sad,,,,,,,,,,,,,,,,,,,,
902,Baseformheadonly,Tuxedo,Helmet,Lipless,Happy,,,,,,,,,,,,,,,,,,,,
903,Baseformheadonly,Mech Fabric,Toque,Hannibal Mask,80s Glasses,,,,,,,,,,,,,,,,,,,,
904,Baseformnotop,Soldier,USB,Grandpa,NodeRocks Glasses,,,,,,,,,,,,,,,,,,,,
905,Baseformheadonly,Polo,Fire Hair,Hannibal Mask,Annoyed,,,,,,,,,,,,,,,,,,,,
906,Baseformheadonly,ExO Suit,Black Hair,Sad,Thunder,,,,,,,,,,,,,,,,,,,,
907,Baseformheadonly,Windbreaker,Ordinal Cap,Golden Teeth,Insane,,,,,,,,,,,,,,,,,,,,
908,Baseformheadonly,Parka,Toque,Vampire,Angry,,,,,,,,,,,,,,,,,,,,
909,Baseformheadonly,Labcoat,Rambo Bandana,Neutral,3D Glasses,,,,,,,,,,,,,,,,,,,,
910,Baseformheadonly,Tuxedo,Bears Deluxe Ears,Cigar,3D Glasses,,,,,,,,,,,,,,,,,,,,
911,Baseformheadonly,Polkadot,Fire Hair,Braces,Scientist Glasses,,,,,,,,,,,,,,,,,,,,
912,Baseformheadonly,Windbreaker,White Hair,Grinning,Nerd Glasses,,,,,,,,,,,,,,,,,,,,
913,Baseformheadonly,Disco Suit,Ordinal Bandana,Gecko,Scientist Glasses,,,,,,,,,,,,,,,,,,,,
914,Baseformheadonly,McOrdinals Polo,Black Hair,Sighing,NodeRocks Glasses,,,,,,,,,,,,,,,,,,,,
915,Baseformheadonly,Fuel Coat,Scientist Hair,Maniac,Annoyed,,,,,,,,,,,,,,,,,,,,
916,Baseformheadonly,Labcoat,NYC Cap,Vampire,Nerd Glasses,,,,,,,,,,,,,,,,,,,,
917,Baseformheadonly,Labcoat Bright,Ordinal Bandana,Sighing,Sad,,,,,,,,,,,,,,,,,,,,
918,Baseformheadonly,McOrdinals Polo,Bald,Zipped,Laser,,,,,,,,,,,,,,,,,,,,
919,Baseformheadonly,Parka,BTC Cap,Golden Teeth,Scientist Glasses,,,,,,,,,,,,,,,,,,,,
920,Baseformheadonly,Labcoat,BTC Bandana,Zipped,Sunglasses,,,,,,,,,,,,,,,,,,,,
921,Baseformheadonly,Kongz Fur,Sayajin,Angry,Happy,,,,,,,,,,,,,,,,,,,,
922,Baseformheadonly,Cosmos Tee,Scientist Hair,Shocked,Monocycle,,,,,,,,,,,,,,,,,,,,
923,Baseformheadonly,Kongz Fur,Ordinal Cap,Tongue Out,Neutral,,,,,,,,,,,,,,,,,,,,
924,Baseformheadonly,Disco Suit,BTC Bandana,Smiling,Nerd Glasses,,,,,,,,,,,,,,,,,,,,
925,Baseformnotop,Polo,USB,Vampire,Sad,,,,,,,,,,,,,,,,,,,,
926,Baseformheadonly,Labcoat,Fire Hair,Golden Teeth,Shocked,,,,,,,,,,,,,,,,,,,,
927,Clonesbaseformheadonly,Polkadot,Toque,Tongue Out,Awe,,,,,,,,,,,,,,,,,,,,
928,Baseformheadonly,Casper Blazer,BTC Cap,Angry,Cyber,,,,,,,,,,,,,,,,,,,,
929,Baseformheadonly,Ronin Jacket,NYC Cap,Joker,Cyber,,,,,,,,,,,,,,,,,,,,
930,Baseformheadonly,Soldier,Fire Hair,Braces,Wink,,,,,,,,,,,,,,,,,,,,
931,Baseformheadonly,Soldier,BTC Cap,Grandpa,Heart Glasses,,,,,,,,,,,,,,,,,,,,
932,Baseformheadonly,Ronin Jacket,Ronin Cap,Braces,Laser,,,,,,,,,,,,,,,,,,,,
933,Baseformheadonly,Labcoat Bright,Bears Deluxe Ears,Shocked,Scientist Glasses,,,,,,,,,,,,,,,,,,,,
934,Baseformheadonly,Mech Fabric,Icy Hair,Joint,Duo Color,,,,,,,,,,,,,,,,,,,,
935,Baseformheadonly,Labcoat,Hoodie,Monster Grin,Silly Glasses,,,,,,,,,,,,,,,,,,,,
936,Baseformheadonly,Windbreaker,Scientist Hair,Zipped,Neutral,,,,,,,,,,,,,,,,,,,,
937,Baseformheadonly,Tuxedo,Ordinal Bandana,Monster Grin,Surprised,,,,,,,,,,,,,,,,,,,,
938,Baseformheadonly,Denim Jacket,Red Bandana,Joint,Thunder,,,,,,,,,,,,,,,,,,,,
939,Baseformheadonly,Windbreaker,Ordinal Cap,Grandpa,Silly Glasses,,,,,,,,,,,,,,,,,,,,
940,Baseformnotop,Soldier,USB,Oogaverse Chompers,Awe,,,,,,,,,,,,,,,,,,,,
941,Baseformheadonly,TON Tee,NYC Cap,Smiling,Reading Glasses,,,,,,,,,,,,,,,,,,,,
942,Baseformheadonly,Windbreaker,Fire Hair,Neutral,Nerd Glasses,,,,,,,,,,,,,,,,,,,,
943,Baseformheadonly,Parka,ETH Cap,Trolling,Reading Glasses,,,,,,,,,,,,,,,,,,,,
944,Baseformheadonly,Labcoat,BTC Cap,Angry,Scientist Glasses,,,,,,,,,,,,,,,,,,,,
945,Baseformheadonly,Aptos Tee,Ordinal Bandana,Ultrasonic,Angry,,,,,,,,,,,,,,,,,,,,
946,Baseformheadonly,Labcoat,Sayajin,Sad,Night Vision Goggles,,,,,,,,,,,,,,,,,,,,
947,Baseformheadonly,Ronin Jacket,Ordinal Cap,Sighing,Nerd Glasses,,,,,,,,,,,,,,,,,,,,
948,Baseformheadonly,Windbreaker,White Hair,Bitcoin Puppets Mask,Monocycle,,,,,,,,,,,,,,,,,,,,
949,Baseformheadonly,Tuxedo,Icy Hair,Cat Muzzle,Neutral,,,,,,,,,,,,,,,,,,,,
950,Baseformheadonly,Windbreaker,Scientist Hair,Golden Teeth,Scientist Glasses,,,,,,,,,,,,,,,,,,,,
951,Baseformheadonly,Firefighter,White Hair,Joint,Awe,,,,,,,,,,,,,,,,,,,,
952,Baseformheadonly,Cosmos Tee,Top Hat,Cigar,Thunder,,,,,,,,,,,,,,,,,,,,
953,Baseformheadonly,Lumberjack,Red Bandana,Zipped,NodeRocks Glasses,,,,,,,,,,,,,,,,,,,,
954,Baseformheadonly,Quantum Cat Coat,Toque,Vampire,Sunglasses,,,,,,,,,,,,,,,,,,,,
955,Baseformheadonly,Kongz Fur,Soldier Helmet,Neutral,Frustrated,,,,,,,,,,,,,,,,,,,,
956,Baseformheadonly,Lumberjack,ETH Bandana,Cigar,Monocycle,,,,,,,,,,,,,,,,,,,,
957,Baseformheadonly,Labcoat,NYC Cap,Braces,Reading Glasses,,,,,,,,,,,,,,,,,,,,
958,Baseformheadonly,Mech Fabric,BTC Bandana,Lipless,Heart Glasses,,,,,,,,,,,,,,,,,,,,
959,Baseformheadonly,Lumberjack,Toque,Gecko,Heart Glasses,,,,,,,,,,,,,,,,,,,,
960,Baseformnotop,Kongz Fur,Rocket,Sighing,3D Glasses,,,,,,,,,,,,,,,,,,,,
961,Baseformheadonly,Quantum Cat Coat,Sayajin,Cigar,Star,,,,,,,,,,,,,,,,,,,,
962,Baseformheadonly,Polo,Fire Hair,Smiling,Reading Glasses,,,,,,,,,,,,,,,,,,,,
963,Clonesbaseformheadonly,Bitcoin Labcoat,ETH Bandana,Sad,Shocked,,,,,,,,,,,,,,,,,,,,
964,Baseformheadonly,Mech Fabric,Ordinal Cap,Sad,Heart,,,,,,,,,,,,,,,,,,,,
965,Baseformheadonly,Firefighter,Scientist Hair,Joker,Duo Color,,,,,,,,,,,,,,,,,,,,
966,Baseformheadonly,Cosmos Tee,Beret,Cat Muzzle,80s Glasses,,,,,,,,,,,,,,,,,,,,
967,Baseformheadonly,Labcoat,NYC Cap,Cat Muzzle,Cyber,,,,,,,,,,,,,,,,,,,,
968,Baseformheadonly,Leather Jacket,Rambo Bandana,Joint,Neutral,,,,,,,,,,,,,,,,,,,,
969,Baseformheadonly,Labcoat,Ronin Cap,Tongue Out,Sunglasses,,,,,,,,,,,,,,,,,,,,
970,Baseformheadonly,Tuxedo,Black Hair,Sighing,Monocycle,,,,,,,,,,,,,,,,,,,,
971,Baseformheadonly,Ronin Jacket,Icy Hair,Hannibal Mask,Neutral,,,,,,,,,,,,,,,,,,,,
972,Baseformheadonly,Fuel Coat,Soldier Helmet,Joint,Reading Glasses,,,,,,,,,,,,,,,,,,,,
973,Baseformheadonly,Bitcoin Labcoat,ETH Cap,Smiling,Insane,,,,,,,,,,,,,,,,,,,,
974,Baseformheadonly,Polkadot,Toque,Braces,Confused,,,,,,,,,,,,,,,,,,,,
975,Baseformheadonly,Labcoat,Hoodie,Smiling,Neutral,,,,,,,,,,,,,,,,,,,,
976,Clonesbaseformheadonly,Quantum Cat Coat,BTC Cap,Sad,Sunglasses,,,,,,,,,,,,,,,,,,,,
977,Baseformnotop,Parka,Braindead,Cat Muzzle,Ripped,,,,,,,,,,,,,,,,,,,,
978,Baseformheadonly,Labcoat,Beret,Hannibal Mask,Reading Glasses,,,,,,,,,,,,,,,,,,,,
979,Baseformheadonly,Labcoat,Fire Hair,Grandpa,Duo Color,,,,,,,,,,,,,,,,,,,,
980,Baseformheadonly,Labcoat,ETH Bandana,Grandpa,Shocked,,,,,,,,,,,,,,,,,,,,
981,Baseformheadonly,McOrdinals Polo,Toque,Zipped,Monocycle,,,,,,,,,,,,,,,,,,,,
982,Baseformheadonly,Cosmos Tee,White Hair,Lipless,Frustrated,,,,,,,,,,,,,,,,,,,,
983,Baseformheadonly,Ronin Jacket,Rambo Bandana,Terminator,Insane,,,,,,,,,,,,,,,,,,,,
984,Baseformheadonly,TON Tee,Fire Hair,Oogaverse Chompers,Reading Glasses,,,,,,,,,,,,,,,,,,,,
985,Baseformheadonly,Kongz Fur,Top Hat,Surprised,Confused,,,,,,,,,,,,,,,,,,,,
986,Baseformheadonly,Parka,Pepe Cap,Vampire,Thunder,,,,,,,,,,,,,,,,,,,,
987,Baseformnotop,ExO Suit,Braindead,Ultrasonic,Cyber,,,,,,,,,,,,,,,,,,,,
988,Baseformheadonly,Polkadot,Ordinal Bandana,Sad,Sunglasses,,,,,,,,,,,,,,,,,,,,
989,Baseformheadonly,Labcoat,ETH Bandana,Zipped,Possessed,,,,,,,,,,,,,,,,,,,,
990,Baseformnotop,Street Rat Vest,Braindead,Monster Grin,NodeRocks Glasses,,,,,,,,,,,,,,,,,,,,
991,Baseformheadonly,Polo,Rambo Bandana,Gecko,Annoyed,,,,,,,,,,,,,,,,,,,,
992,Baseformheadonly,Polo,Scientist Hair,Zipped,Neutral,,,,,,,,,,,,,,,,,,,,
993,Baseformheadonly,Mech Fabric,Avalanche Hoodie,Zipped,Reading Glasses,,,,,,,,,,,,,,,,,,,,
994,Baseformheadonly,Street Rat Vest,Ordinal Cap,Braces,Confused,,,,,,,,,,,,,,,,,,,,
995,Baseformheadonly,Labcoat,BTC Bandana,Zipped,Goggles,,,,,,,,,,,,,,,,,,,,
996,Baseformheadonly,Solana Tank Top,Scientist Hair,Neutral,Confused,,,,,,,,,,,,,,,,,,,,
997,Baseformheadonly,Polkadot,Avalanche Hoodie,Neutral,Confused,,,,,,,,,,,,,,,,,,,,
998,Baseformheadonly,Labcoat,McOrdinals Cap,Sad,Silly Glasses,,,,,,,,,,,,,,,,,,,,
999,Baseformheadonly,Polkadot,BTC Cap,Braces,Cyber,,,,,,,,,,,,,,,,,,,,
1000,Baseformheadonly,TON Tee,Ordinal Cap,Grinning,Happy,,,,,,,,,,,,,,,,,,,,
,,,,,,,,,,,,,,,,,,,,,,,,,
,,,,,,,,,,,,,,,,,,,,,,,,,
,,,,,,,,,,,,,,,,,,,,,,,,,
,,,,,,,,,,,,,,,,,,,,,,,,,
,,,,,,,,,,,,,,,,,,,,,,,,,
,,,,,,,,,,,,,,,,,,,,,,,,,
,,,,,,,,,,,,,,,,,,,,,,,,,
